Date,SoilMineralN,UptakeN,ResidueN,SoilOMN,FertiliserN,CropN,ProductN,LostN,RSWC,Drainage,Irrigation,Green cover,NDemand
25/03/2023 12:00:00 am,0,0,0,0.84179112579270932,0,0,0,0,0.90000000000000002,0,0,0.0031397174254318427,0
26/03/2023 12:00:00 am,50.753811807122602,0,0,0.7538118071226001,0,0,0,0,0.86649275362318834,0,0,0,0
27/03/2023 12:00:00 am,51.54470136626226,0,0,0.79088955913965409,0,0,0,0,0.84660616677168654,0,0,0,0
28/03/2023 12:00:00 am,52.339733384161242,0,0,0.79503201789898259,0,0,0,0,0.82086599493103685,0,0,0,0
29/03/2023 12:00:00 am,53.107195164347864,0,0,0.76746178018662181,0,0,0,0,0.79756433574950247,0,0,0,0
30/03/2023 12:00:00 am,53.880162116396399,0,0,0.77296695204853594,0,0,0,0,0.79858325770738947,0,0,0,0
31/03/2023 12:00:00 am,54.588464181859294,0,0,0.70830206546289354,0,0,0,0,0.79041420309022126,0,0,0,0
1/04/2023 12:00:00 am,55.246444887766451,0,0,0.65798070590716029,0,0,0,0,0.77173091683947392,0,0,0,0
2/04/2023 12:00:00 am,55.91701774389891,0,0,0.67057285613245743,0,0,0,0,0.74933999579276223,0,0,0,0
3/04/2023 12:00:00 am,56.554361623597231,0,0,0.63734387969832162,0,0,0,0,0.73759399887850452,0,0,0,0
4/04/2023 12:00:00 am,57.159619528576137,0,0,0.60525790497890908,0,0,0,0,0.73294890732948648,0,0,0,0
5/04/2023 12:00:00 am,57.745664984180486,0,0,0.58604545560434618,0,0,0,0,0.72464460808122622,0,0,0,0
6/04/2023 12:00:00 am,58.344091351428432,0,0,0.59842636724794596,0,0,0,0,0.73105266966663018,0,0,0,0
7/04/2023 12:00:00 am,58.955839635439332,0,0,0.61174828401090275,0,0,0,0,0.75448127235595519,0,0,0,0
8/04/2023 12:00:00 am,59.570045529678843,0,0,0.61420589423950966,0,0,0,0,0.75550221985396226,0,0,0,0
9/04/2023 12:00:00 am,60.166473927581158,0,0,0.59642839790231506,0,0,0,0,0.77137192943267974,0,0,0,0
10/04/2023 12:00:00 am,60.697549972703527,0,0,0.53107604512236806,0,2.4634588022704054,1.3662664710025751,0,0.75314950876580322,0,0,0.0070436923848486484,2.4634588022704054
11/04/2023 12:00:00 am,61.175079205237239,0.051947711219776593,0,0.52947694375348986,0,2.515406513490182,1.3950773510625509,0,0.73387404670676171,0,0,0.007420789224075049,2.515406513490182
12/04/2023 12:00:00 am,61.634713345060952,0.052342456575137142,0,0.51197659639885618,0,2.5677489700653191,1.4241071620594343,0,0.71902505676912487,0,0,0.0078126482231103203,2.5677489700653191
13/04/2023 12:00:00 am,62.100500202043591,0.055545670768200939,0,0.52133252775084493,0,2.62329464083352,1.4549135175422208,0,0.70121534171815614,0,0,0.0082416687477769538,2.62329464083352
14/04/2023 12:00:00 am,62.537068492401474,0.054811439445618504,0,0.49137972980350297,0,2.6781060802791385,1.4853126587305849,0,0.68455934069246827,0,0,0.0086784436713385014,2.6781060802791385
15/04/2023 12:00:00 am,62.995952695135614,0.060670487426100816,0,0.51955469016024369,0,2.7387765677052394,1.5189613045586654,0,0.66028754397731571,0,0,0.0091776021462619799,2.7387765677052394
16/04/2023 12:00:00 am,63.42722127179961,0.060121832762578098,0,0.4913904094265733,0,2.7988984004678175,1.5523056593345721,0,0.64436577571119791,0,0,0.0096886640456423766,2.7988984004678175
17/04/2023 12:00:00 am,63.858306253439274,0.062613598599094988,0,0.49369858023875746,0,2.8615119990669124,1.5870319800328985,0,0.63217948028232129,0,0,0.01023844081807648,2.8615119990669124
18/04/2023 12:00:00 am,64.253414168764678,0.060273106395283715,0,0.4553810217206945,0,2.9217851054621962,1.6204602331439926,0,0.62048168656838754,0,0,0.010784716638862128,2.9217851054621962
19/04/2023 12:00:00 am,64.642713197981038,0.0621216771737787,0,0.45142070639013582,0,2.9839067826359749,1.6549137277860611,0,0.60628832167114222,0,0,0.011365400707429642,2.9839067826359749
20/04/2023 12:00:00 am,65.036308940879508,0.065511872286184936,0,0.45910761518464743,0,3.0494186549221598,1.6912474689773993,0,0.59274415613327436,0,0,0.011997353558697802,3.0494186549221598
21/04/2023 12:00:00 am,65.391592950064933,0.061904916232218721,0,0.41718892541764235,0,3.1113235711543785,1.7255807451662899,0,0.58358450184992494,0,0,0.012613133558963719,3.1113235711543785
22/04/2023 12:00:00 am,65.732317221796677,0.06206767442954142,0,0.40279194616128988,0,3.1733912455839199,1.7600042891801095,0,0.57071385072606573,0,0,0.013248841453486468,3.1733912455839199
23/04/2023 12:00:00 am,66.083320111700942,0.066724673925383726,0,0.41772756382963988,0,3.2401159195093037,1.7970106660226255,0,0.55642624738601454,0,0,0.013952850837358364,3.2401159195093037
24/04/2023 12:00:00 am,66.410130002090227,0.064613198683457718,0,0.3914230890727507,0,3.3047291181927614,1.8328459910802537,0,0.54918672742297425,0,0,0.014655078929511197,3.3047291181927614
25/04/2023 12:00:00 am,66.74887827801308,0.069217961555092966,0,0.40796623747794403,0,3.3739470797478543,1.8712351778515974,0,0.54142515746417708,0,0,0.01542989129054877,3.3739470797478543
26/04/2023 12:00:00 am,67.083784291027953,0.071580918466073395,0,0.40648693148094428,0,3.4455279982139277,1.9109348914305826,0,0.52817323573213426,0,0,0.016255852099354887,3.4455279982139277
27/04/2023 12:00:00 am,67.418105951378806,0.073905219990135773,0,0.40822688034099408,0,3.5194332182040635,1.951923693034056,0,0.52232085604078726,0,0,0.017135169780508719,3.5194332182040635
28/04/2023 12:00:00 am,67.757211932605102,0.077409167789764144,0,0.41651514901606318,0,3.5968423859938277,1.9948558299148893,0,0.51670677412881671,0,0,0.018085289192463633,3.5968423859938277
29/04/2023 12:00:00 am,68.061077228797672,0.070535831119034054,0,0.37440112731159952,0,3.6673782171128617,2.0339759243826427,0,0.52785981154478412,0,0,0.018977153455948522,3.6673782171128617
30/04/2023 12:00:00 am,68.354761655819203,0.07002810613189725,0,0.36371253315343122,0,3.737406323244759,2.0728144279320593,0,0.52627341186687981,0,0,0.01988737616666874,3.737406323244759
1/05/2023 12:00:00 am,68.633686766813369,0.068962448795828912,0,0.34788755978999886,0,3.8063687720405879,2.1110619039852963,0,0.51831039963944414,0,0,0.020808009691374266,3.8063687720405879
2/05/2023 12:00:00 am,68.911019600751374,0.071054829798999464,0,0.34838766373699476,0,3.8774236018395873,2.1504698419088757,0,0.51054130050203284,0,0,0.021781891224666023,3.8774236018395873
3/05/2023 12:00:00 am,69.181479915968339,0.072012739709914619,0,0.34247305492688168,0,3.949436341549502,2.1904090491974304,0,0.50123420494103044,0,0,0.022795247686296705,3.949436341549502
4/05/2023 12:00:00 am,69.462142947611568,0.077228126116054341,0,0.35789115775928731,0,4.0266644676655563,2.2332407779982035,0,0.49510942043083822,0,0,0.023911609710959916,4.0266644676655563
5/05/2023 12:00:00 am,69.737033797853073,0.078426804595379984,0,0.35331765483687888,0,4.1050912722609363,2.2767373095609735,0,0.4882213430855542,0,0,0.025076811543299805,4.1050912722609363
6/05/2023 12:00:00 am,70.032465202322825,0.086010141124026163,0,0.3814415455937718,0,4.1911014133849624,2.3244396587440215,0,0.48836141846375863,0,0,0.026391354566480722,4.1911014133849624
7/05/2023 12:00:00 am,70.310527989759024,0.084421895349019671,0,0.36248468278522777,0,4.2755233087339821,2.3712611460477873,0,0.48092230772230926,0,0,0.027719090582547085,4.2755233087339821
8/05/2023 12:00:00 am,70.560492323128685,0.077835619059465344,0,0.32779995242913079,0,4.3533589277934475,2.4144297983802989,0,0.48200727150353168,0,0,0.028976253966608106,4.3533589277934475
9/05/2023 12:00:00 am,70.809157172707017,0.080424768355124243,0,0.3290896179334642,0,4.4337836961485717,2.4590344267753363,0,0.47378541451391459,0,0,0.030308616501021207,4.4337836961485717
10/05/2023 12:00:00 am,71.052669603390484,0.080841751262801687,0,0.32435418194626836,0,4.5146254474113734,2.5038703193446379,0,0.47241520548023425,0,0,0.031682176367430766,4.5146254474113734
11/05/2023 12:00:00 am,71.299468277385358,0.085092724690629673,0,0.3318913986855056,0,4.5997181721020031,2.551063857374952,0,0.46462890093978687,0,0,0.033165196022469756,4.5997181721020031
12/05/2023 12:00:00 am,71.551832090254962,0.089692849720707457,0,0.34205666259030681,0,4.6894110218227105,2.6008086849113958,0,0.46119857423934685,0,0,0.034769819715986999,4.6894110218227105
13/05/2023 12:00:00 am,71.784693894849056,0.085866925531773219,0,0.3187287301258751,0,4.7752779473544837,2.6484316048538816,0,0.45518880121378041,0,0,0.036345911029758572,4.7752779473544837
14/05/2023 12:00:00 am,72.011810895761101,0.08637506442265952,0,0.31349206533469814,0,4.8616530117771433,2.6963363452711375,0,0.45147633909250667,0,0,0.037970777125860333,4.8616530117771433
15/05/2023 12:00:00 am,72.226856247497068,0.084291379808459688,0,0.29933673154443191,0,4.945944391585603,2.7430854469491126,0,0.44711239871806707,0,0,0.039594626637019258,4.945944391585603
16/05/2023 12:00:00 am,72.451108764690588,0.090767679693342984,0,0.31502019688686234,0,5.0367120712789459,2.7934263892459437,0,0.44386327911578149,0,0,0.041385436619622129,5.0367120712789459
17/05/2023 12:00:00 am,72.655619104126302,0.084172737395049602,0,0.28868307683076655,0,5.1208848086739955,2.8401096902897325,0,0.44545146621152848,0,0,0.043085239939911792,5.1208848086739955
18/05/2023 12:00:00 am,72.853061082881169,0.083421365089589194,0,0.28086334384445438,0,5.2043061737635847,2.8863762704258109,0,0.44222642653130756,0,0,0.044806991113931445,5.2043061737635847
19/05/2023 12:00:00 am,73.054113773615214,0.087687464682743688,0,0.28874015541679482,0,5.2919936384463284,2.9350088851920244,0,0.43934819680457882,0,0,0.046656600925528466,5.2919936384463284
20/05/2023 12:00:00 am,73.25486163405894,0.089910784629450013,0,0.29065864507317329,0,5.3819044230757784,2.9848745822792,0,0.43824824655362649,0,0,0.0485954262398288,5.3819044230757784
21/05/2023 12:00:00 am,73.449505022629964,0.088779101179216724,0,0.2834224897502301,0,5.4706835242549952,3.034112632923732,0,0.43980901971335967,0,0,0.050551823167946854,5.4706835242549952
22/05/2023 12:00:00 am,73.627588998030731,0.082093673745343487,0,0.26017764914610858,0,5.5527771980003386,3.0796428580755855,0,0.43883470419073184,0,0,0.052397937353805525,5.5527771980003386
23/05/2023 12:00:00 am,73.815287038563284,0.089942909944101146,0,0.27764095047665382,0,5.6427201079444398,3.1295263722824291,0,0.43642222377664158,0,0,0.05446132503505545,5.6427201079444398
24/05/2023 12:00:00 am,73.999727795059968,0.089127854782826255,0,0.27356861127950804,0,5.731847962727266,3.1789578462368273,0,0.44243073143017236,0,0,0.056547936894840084,5.731847962727266
25/05/2023 12:00:00 am,74.175307723688363,0.086155916768690055,0,0.26173584539707945,0,5.8180038794959561,3.2267410444989868,0,0.44185264771813632,0,0,0.058604506406117869,5.8180038794959561
26/05/2023 12:00:00 am,74.356234543604387,0.089428966262624421,0,0.27035578617865913,0,5.9074328457585805,3.2763395188182796,0,0.45165640006555274,0,0,0.060780156902202773,5.9074328457585805
27/05/2023 12:00:00 am,74.532042099027109,0.089711952307451881,0,0.26551950773017252,0,5.9971447980660324,3.3260949408991718,0,0.44571642131346045,0,0,0.063004428625944381,5.9971447980660324
28/05/2023 12:00:00 am,74.701739455737524,0.088124198618992899,0,0.25782155532940876,0,6.0852689966850253,3.3749697740184166,0,0.44477708326527876,0,0,0.065229842324727297,6.0852689966850253
29/05/2023 12:00:00 am,74.873965879266962,0.091485736453308597,0,0.26371215998275221,0,6.1767547331383339,3.4257089599856982,0,0.44687790160828905,0,0,0.067582397200866784,6.1767547331383339
30/05/2023 12:00:00 am,75.036894410452845,0.08770538564719299,0,0.25063391683308245,0,6.2644601187855269,3.4743515139531809,0,0.44494536117664557,0,0,0.069877924885052692,6.2644601187855269
31/05/2023 12:00:00 am,75.197077325358578,0.089493751745609806,0,0.24967666665134128,0,6.3539538705311367,3.5239859191486587,0,0.43785947671550196,0,0,0.072260560414954628,6.3539538705311367
1/06/2023 12:00:00 am,75.358195030457694,0.091895681002327478,0,0.25301338610144669,0,6.4458495515334642,3.5749524657244387,0,0.43996620856879043,0,0,0.074749225901257932,6.4458495515334642
2/06/2023 12:00:00 am,75.513091861753992,0.089479483295895612,0,0.24437631459218134,0,6.5353290348293598,3.6245789574510887,0,0.43935714713990159,0,0,0.077213139348281806,6.5353290348293598
3/06/2023 12:00:00 am,75.662419597993321,0.087164598157799311,0,0.23649233439712253,0,6.6224936329871591,3.6729215836040647,0,0.43889313886838283,0,0,0.079651616390221877,6.6224936329871591
4/06/2023 12:00:00 am,75.808247869739176,0.086158015722694437,0,0.23198628746854305,0,6.7086516487098535,3.7207059459735672,0,0.43909097107811268,0,0,0.082098796217459843,6.7086516487098535
5/06/2023 12:00:00 am,75.951184104593395,0.086411953094946981,0,0.22934818794917633,0,6.7950636018048005,3.7686311453309354,0,0.43611829057702683,0,0,0.084589699171852425,6.7950636018048005
6/06/2023 12:00:00 am,76.088225213225641,0.083346504035335833,0,0.22038761266758106,0,6.8784101058401363,3.8148562065472258,0,0.43411229188983852,0,0,0.087026585812096754,6.8784101058401363
7/06/2023 12:00:00 am,76.227147546155464,0.08707046850062472,0,0.22599280143045355,0,6.9654805743407611,3.8631466271612225,0,0.43484445314694442,0,0,0.089608053508151292,6.9654805743407611
8/06/2023 12:00:00 am,76.37184698325963,0.094918730879963498,0,0.23961816798413152,0,7.0603993052207246,3.9157897967372226,0,0.43487897767595557,0,0,0.092463363350874142,7.0603993052207246
9/06/2023 12:00:00 am,76.517308517256481,0.098854910246300776,0,0.24431644424315604,0,7.1592542154670253,3.9706160228705811,0,0.43252884566811145,0,0,0.095482225844659846,7.1592542154670253
10/06/2023 12:00:00 am,76.661557730097371,0.10021059096984342,0,0.24445980381072649,0,7.2594648064368688,4.0261941272639916,0,0.43298626598059042,0,0,0.098588944707508883,7.2594648064368688
11/06/2023 12:00:00 am,76.80059103413241,0.098710934544625317,0,0.23774423857966093,0,7.3581757409814941,4.0809405025901606,0,0.42959181798732199,0,0,0.10169432069866929,7.3581757409814941
12/06/2023 12:00:00 am,76.941807597039315,0.10121570848677575,0,0.24243227139368739,0,7.4593914494682698,4.1370760583042658,0,0.43729952180091963,0,0,0.10492440108030673,7.4593914494682698
13/06/2023 12:00:00 am,77.07203825275252,0.091455007858746384,0,0.22168566357194558,0,7.5508464573270162,4.1877982017911073,0,0.43782552524693069,0,0,0.10788241912288338,7.5508464573270162
14/06/2023 12:00:00 am,77.204513739696409,0.097432386587229303,0,0.22990787353112443,0,7.6482788439142455,4.2418354776981397,0,0.43547279247927978,0,0,0.11107436701280862,7.6482788439142455
15/06/2023 12:00:00 am,77.338931768077146,0.10017267574548416,0,0.23459070412621971,0,7.7484515196597297,4.297392553812232,0,0.44186317773753125,0,0,0.11439911022685754,7.7484515196597297
16/06/2023 12:00:00 am,77.465597687711366,0.092002019243401456,0,0.21866793887762079,0,7.8404535389031311,4.3484180769672953,0,0.44524165178206482,0,0,0.11749050295864577,7.8404535389031311
17/06/2023 12:00:00 am,77.586345519795373,0.084079503609138406,0,0.20482733569314099,0,7.9245330425122695,4.3950496693340257,0,0.45038881921608048,0,0,0.12034688461392125,7.9245330425122695
18/06/2023 12:00:00 am,77.710992050932731,0.09148918640908299,0,0.2161357175464321,0,8.0160222289213525,4.4457907686918992,0,0.45177094823547348,0,0,0.12348831613826078,8.0160222289213525
19/06/2023 12:00:00 am,77.833967228089961,0.091085460479197522,0,0.21406063763642422,0,8.10710768940055,4.4963079563687804,0,0.45298363699475813,0,0,0.12664983783115769,8.10710768940055
20/06/2023 12:00:00 am,77.956735815265404,0.092967333490555859,0,0.21573592066600153,0,8.2000750228911059,4.5478688554305373,0,0.45380317615400723,0,0,0.12991101713387987,8.2000750228911059
21/06/2023 12:00:00 am,78.079825727196635,0.095770001144908079,0,0.21885991307614475,0,8.295845024036014,4.6009841506291309,0,0.45453924229159198,0,0,0.13330613326423907,8.295845024036014
22/06/2023 12:00:00 am,78.198299750077808,0.09062741188336787,0,0.20910143476453347,0,8.3864724359193819,4.6512472985640061,0,0.4558058619345457,0,0,0.13655161350256914,8.3864724359193819
23/06/2023 12:00:00 am,78.315646794846742,0.092643477114629391,0,0.20999052188357559,0,8.4791159130340112,4.7026285826439977,0,0.45295993234710191,0,0,0.1399014982857443,8.4791159130340112
24/06/2023 12:00:00 am,78.434554026073883,0.098191208093492577,0,0.2170984393206353,0,8.5773071211275038,4.7570867108829331,0,0.45261173501798979,0,0,0.14348681136160946,8.5773071211275038
25/06/2023 12:00:00 am,78.551125641014394,0.098226595273315453,0,0.2147982102138247,0,8.6755337164008193,4.8115644653146221,0,0.45043617456825608,0,0,0.14710850855177379,8.6755337164008193
26/06/2023 12:00:00 am,78.66786744411182,0.10320143852049846,0,0.219943241617924,0,8.7787351549213177,4.8688013328765392,0,0.44716463758773267,0,0,0.15095057129348285,8.7787351549213177
27/06/2023 12:00:00 am,78.779062067091175,0.096397073644721942,0,0.20759169662407617,0,8.8751322285660397,4.9222644106849316,0,0.44669757498247675,0,0,0.15457269359276113,8.8751322285660397
28/06/2023 12:00:00 am,78.887192491046051,0.093308731901169395,0,0.20143915585605074,0,8.9684409604672091,4.9740146537703209,0,0.44631320808070613,0,0,0.15810873416433044,8.9684409604672091
29/06/2023 12:00:00 am,78.997537451646423,0.097946173727356367,0,0.20829113432772581,0,9.0663871341945654,5.0283368827450232,0,0.45193110166904837,0,0,0.16185144214660108,9.0663871341945654
30/06/2023 12:00:00 am,79.109435413256037,0.10449108953246444,0,0.21638905114207027,0,9.1708782237270299,5.0862890076253588,0,0.4518112545938256,0,0,0.16587824742458065,9.1708782237270299
1/07/2023 12:00:00 am,79.214469847820439,0.094373631843911454,0,0.19940806640831013,0,9.2652518555709413,5.1386298581466834,0,0.44911876956110597,0,0,0.16954449698385329,9.2652518555709413
2/07/2023 12:00:00 am,79.316179139902857,0.089870090420696158,0,0.19157938250311232,0,9.3551219459916375,5.1884729856934495,0,0.44765644654041914,0,0,0.17306096637963492,9.3551219459916375
3/07/2023 12:00:00 am,79.419877904112425,0.099720402299558586,0,0.20341916650912309,0,9.4548423482911961,5.243779225039205,0,0.44592982447908608,0,0,0.17699079801894035,9.4548423482911961
4/07/2023 12:00:00 am,79.52344387629627,0.1051367019758267,0,0.20870267415966962,0,9.5599790502670228,5.3020894150245104,0,0.44294734589342943,0,0,0.18116493966048286,9.5599790502670228
5/07/2023 12:00:00 am,79.626271486903164,0.11087571528729612,0,0.21370332589418842,0,9.6708547655543189,5.3635825368521806,0,0.43779226404812072,0,0,0.18560009605770755,9.6708547655543189
6/07/2023 12:00:00 am,79.727857165960813,0.10850587632985054,0,0.21009155538749877,0,9.7793606418841694,5.4237613149992292,0,0.44284609679247383,0,0,0.18997223164563756,9.7793606418841694
7/07/2023 12:00:00 am,79.82287474976836,0.096456487389289691,0,0.19147407119684073,0,9.8758171292734591,5.4772573444474242,0,0.43821515941796502,0,0,0.19388427614591019,9.8758171292734591
8/07/2023 12:00:00 am,79.915257398558893,0.091234363930855267,0,0.1836170127213827,0,9.9670514932043144,5.5278571159260839,0,0.43740117032475162,0,0,0.19760576206065003,9.9670514932043144
9/07/2023 12:00:00 am,80.006945266412743,0.096305151202601635,0,0.18799301905644764,0,10.063356644406916,5.5812692123458323,0,0.4338805391210927,0,0,0.20155569140669058,10.063356644406916
10/07/2023 12:00:00 am,80.097499118235064,0.10096567206390716,0,0.1915195238862244,0,10.164322316470823,5.6372660945896191,0,0.42938192884193521,0,0,0.20571970123453279,10.164322316470823
11/07/2023 12:00:00 am,80.186325515301036,0.10032303074218873,0,0.18914942780815933,0,10.264645347213012,5.6929065595513597,0,0.42778739272651017,0,0,0.2098795194521515,10.264645347213012
12/07/2023 12:00:00 am,80.27403994449466,0.10566192623856097,0,0.19337635543219397,0,10.370307273451573,5.7515080457821188,0,0.42341782730699123,0,0,0.21428371687162168,10.370307273451573
13/07/2023 12:00:00 am,80.360198529570411,0.10819136000995222,0,0.19434994508570572,0,10.478498633461525,5.8115123890646334,0,0.42016419917074682,0,0,0.21881666916232967,10.478498633461525
14/07/2023 12:00:00 am,80.44510342331796,0.11412731464442416,0,0.19903220839197205,0,10.592625948105949,5.8748088904230196,0,0.41560166470903981,0,0,0.22362260359376221,10.592625948105949
15/07/2023 12:00:00 am,80.526728869235015,0.10968740045855263,0,0.19131284637561227,0,10.702313348564502,5.9356429573048501,0,0.41137777224327632,0,0,0.22826379711488004,10.702313348564502
16/07/2023 12:00:00 am,80.60870889898743,0.11972186349999347,0,0.20170189325240181,0,10.822035212064495,6.0020422686289274,0,0.41097022688251428,0,0,0.23335297940994582,10.822035212064495
17/07/2023 12:00:00 am,80.690383066337375,0.12313382103532433,0,0.2048079883852649,0,10.94516903309982,6.0703338962266553,0,0.41327451606697585,0,0,0.23861104852536918,10.94516903309982
18/07/2023 12:00:00 am,80.772228473280336,0.12215832250777936,0,0.20400372945075235,0,11.067327355607599,6.1380844995825861,0,0.42078305505449665,0,0,0.24384967816645597,11.067327355607599
19/07/2023 12:00:00 am,80.853533173765655,0.12760381141007926,0,0.20890851189539744,0,11.194931167017678,6.2088552423045851,0,0.42093947362080092,0,0,0.24934364426112654,11.194931167017678
20/07/2023 12:00:00 am,80.933516695640066,0.13260434750507777,0,0.21258786937949253,0,11.327535514522756,6.2823993477462459,0,0.41891050535846264,0,0,0.25507451994818092,11.327535514522756
21/07/2023 12:00:00 am,81.010695332846808,0.12568344164402134,0,0.2028620788507618,0,11.453218956166777,6.3521050282797207,0,0.41903187384532969,0,0,0.26052473526591524,11.453218956166777
22/07/2023 12:00:00 am,81.087571434927014,0.13292123953908686,0,0.20979734161929953,0,11.586140195705864,6.4258248861880327,0,0.41989115986215442,0,0,0.2663063410493629,11.586140195705864
23/07/2023 12:00:00 am,81.161608746010742,0.1397540370828132,0,0.2137913481665446,0,11.725894232788677,6.5033343029793835,0,0.412028528752933,0,0,0.27240233790786433,11.725894232788677
24/07/2023 12:00:00 am,81.231493769675112,0.13888793218216655,0,0.20877295584653852,0,11.864782164970844,6.5803633666651598,0,0.40375303801567453,0,0,0.2784756876695002,11.864782164970844
25/07/2023 12:00:00 am,81.299836675907741,0.14236862854347798,0,0.21071153477610355,0,12.007150793514322,6.6593228700765037,0,0.40317921037653154,0,0,0.28471447255731697,12.007150793514322
26/07/2023 12:00:00 am,81.50855780821044,0.14295397990446368,0,0.35167511220716691,0,12.150104773418786,6.7386070170083849,0,0.7962411616677203,0,27.600000000000001,0.29098993013704105,12.150104773418786
27/07/2023 12:00:00 am,81.717554385033523,0.15191218780548965,0,0.36090876462858235,0,12.302016961224275,6.822859503205434,0,0.78743313132852311,0,0,0.297668010119438,12.302016961224275
28/07/2023 12:00:00 am,81.916596338997834,0.15221886169982568,0,0.35126081566413375,0,12.454235822924101,6.9072820747552317,0,0.77259031400842781,0,0,0.30436641941099052,12.454235822924101
29/07/2023 12:00:00 am,82.113647096561891,0.163294673100701,0,0.36034543066474495,0,12.617530496024802,6.9978474361670777,0,0.75724394287532493,0,0,0.31155660629974946,12.617530496024802
30/07/2023 12:00:00 am,82.293508741978172,0.15173971228430538,0,0.33160135770059573,0,12.769270208309107,7.0820042651842936,0,0.74468535653029577,0,0,0.31823913700797068,12.769270208309107
31/07/2023 12:00:00 am,82.469197937901541,0.16139875286741479,0,0.33708794879078163,0,12.930668961176522,7.1715181244382604,0,0.7280306282181932,0,0,0.32534514947686133,12.930668961176522
1/08/2023 12:00:00 am,82.641050036843865,0.16839172838588645,0,0.34024382732820529,0,13.099060689562409,7.2649103793750065,0,0.71702662122480987,0,0,0.33275361310062351,13.099060689562409
2/08/2023 12:00:00 am,82.802251545582521,0.16425105643637217,0,0.3254525651750293,0,13.263311745998781,7.3560061634932321,0,0.70562116535968822,0,0,0.3399712700392078,13.263311745998781
3/08/2023 12:00:00 am,82.952373126939051,0.15756783167329935,0,0.30768941302983666,0,13.42087957767208,7.4433953437488132,0,0.69398489298520472,0,0,0.34688428756126133,13.42087957767208
4/08/2023 12:00:00 am,83.101476142437335,0.16954998616036043,0,0.31865300165864796,0,13.590429563832441,7.537429983595989,0,0.68479319249797999,0,0,0.35430788367519978,13.590429563832441
5/08/2023 12:00:00 am,83.24596823507612,0.17568393844716823,0,0.32017603108594833,0,13.766113502279609,7.6348665936066062,0,0.67449924643424175,0,0,0.36198012638444527,13.766113502279609
6/08/2023 12:00:00 am,83.382987462000699,0.18004934600894984,0,0.31706857293352747,0,13.946162848288559,7.7347243157455985,0,0.65987152032908458,0,0,0.36981835858842083,13.946162848288559
7/08/2023 12:00:00 am,83.517875119676802,0.18550545542057861,0,0.32039311309668578,0,14.131668303709137,7.8376080675240374,0,0.65719965460361895,0,0,0.37786422483091192,14.131668303709137
8/08/2023 12:00:00 am,83.645697104322338,0.18139598266726509,0,0.30921796731280032,0,14.313064286376402,7.9382126519662188,0,0.65160838096577367,0,0,0.38569890565455722,14.313064286376402
9/08/2023 12:00:00 am,83.762262975989543,0.16599395036942433,0,0.28255982203663316,0,14.479058236745827,8.0302750678548023,0,0.64166395468896475,0,0,0.39283688982211745,14.479058236745827
10/08/2023 12:00:00 am,83.875925980556232,0.17904185977397269,0,0.29270486434066434,0,14.658100096519799,8.1295740249510899,0,0.63169578777125635,0,0,0.40049928559918202,14.658100096519799
11/08/2023 12:00:00 am,83.986542173304699,0.19250597304950823,0,0.30312216579797951,0,14.850606069569308,8.236340355365412,0,0.62210101288205955,0,0,0.40869210964065,14.850606069569308
12/08/2023 12:00:00 am,84.090828602059545,0.20093239635370708,0,0.30521882510856102,0,15.051538465923015,8.3477800903523551,0,0.60878506387063502,0,0,0.41718920618080751,15.051538465923015
13/08/2023 12:00:00 am,84.186652572138229,0.19559353599169071,0,0.29141750607037026,0,15.247132001914705,8.4562588235562526,0,0.59824361406095783,0,0,0.42540364520909379,15.247132001914705
14/08/2023 12:00:00 am,84.275995104587025,0.19480835255007634,0,0.28415088499888658,0,15.441940354464782,8.5643020837541162,0,0.58904567247065398,0,0,0.43352601279786401,15.441940354464782
15/08/2023 12:00:00 am,84.358321173909857,0.18743109748190712,0,0.26975716680473483,0,15.629371451946689,8.6682538218049938,0,0.57953628601514162,0,0,0.44128225421752054,15.629371451946689
16/08/2023 12:00:00 am,84.435270711538365,0.19590473119863816,0,0.27285426882714375,0,15.825276183145327,8.7769051479407469,0,0.56920653029637291,0,0,0.4493249673625197,15.825276183145327
17/08/2023 12:00:00 am,84.507613476295191,0.21350822302800054,0,0.28585098778482937,0,16.038784406173328,8.8953196008788886,0,0.55959220858448455,0,0,0.45801250168613056,16.038784406173328
18/08/2023 12:00:00 am,84.574441022427777,0.21794017369802177,0,0.28476771983061455,0,16.256724579871349,9.0161920716235393,0,0.55192286277537284,0,0,0.46679327280659944,16.256724579871349
19/08/2023 12:00:00 am,84.633854008960682,0.2127861225534815,0,0.27219910908638745,0,16.469510702424831,9.134206038194252,0,0.54050636724366752,0,0,0.47527842258706371,16.469510702424831
20/08/2023 12:00:00 am,84.685220039522719,0.21687771804960576,0,0.26824374861163303,0,16.686388420474437,9.2544892571405697,0,0.52539791610631326,0,0,0.48383441967863988,16.686388420474437
21/08/2023 12:00:00 am,84.731709874565439,0.210547056677445,0,0.25703689172016053,0,16.896935477151882,9.371261408491975,0,0.5184567429186393,0,0,0.4920490162472364,16.896935477151882
22/08/2023 12:00:00 am,84.774052602840698,0.22045401774203555,0,0.26279674601728603,0,17.117389494893917,9.4935280900216821,0,0.51475668769569904,0,0,0.50055095096689917,17.117389494893917
23/08/2023 12:00:00 am,84.809465570040231,0.22707279194668928,0,0.26248575914622052,0,17.344462286840606,9.6194656302913941,0,0.50326354374442894,0,0,0.50919970031716077,17.344462286840606
24/08/2023 12:00:00 am,84.834207663224504,0.24386687321173639,0,0.2686089663960215,0,17.588329160052343,9.7547173876783475,0,0.48359631265944875,0,0,0.51836306211686889,17.588329160052343
25/08/2023 12:00:00 am,84.84978310734212,0.25326066405875025,0,0.268836108176357,0,17.841589824111093,9.8951790643292465,0,0.46816328615373248,0,0,0.5277398316452544,17.841589824111093
26/08/2023 12:00:00 am,84.859345268985749,0.25484678883892187,0,0.26440895048254781,0,18.096436612950015,10.036520426527954,0,0.46022189834718485,0,0,0.53702951275757371,18.096436612950015
27/08/2023 12:00:00 am,84.86254972823933,0.25860763822947419,0,0.26181209748305989,0,18.355044251179489,10.179947604986328,0,0.45179649042061787,0,0,0.54630478381426506,18.355044251179489
28/08/2023 12:00:00 am,84.856127902091501,0.27201978421649997,0,0.26559795806867209,0,18.627064035395989,10.330813335024855,0,0.43788858955551729,0,0,0.55589463529147021,18.627064035395989
29/08/2023 12:00:00 am,84.843972953838346,0.26447513884646412,0,0.25232019059330446,0,18.891539174242453,10.477494706065707,0,0.42634551607213927,0,0,0.5650535116670774,18.891539174242453
30/08/2023 12:00:00 am,84.819254796942047,0.28741839559114979,0,0.26270023869485304,0,19.178957569833603,10.636900707369088,0,0.40990623192251602,0,0,0.57482134757560233,19.178957569833603
31/08/2023 12:00:00 am,84.952273546133227,0.26153447375777006,0,0.39455322294895273,0,19.440492043591373,10.781951147091167,0,0.78968746053230965,0,27.600000000000001,0.58354094260548806,19.440492043591373
1/09/2023 12:00:00 am,85.074475859693337,0.28785447010768905,0,0.41005678366780185,0,19.728346513699062,10.941599001024784,0,0.76470232583892317,0,0,0.59295205744381763,19.728346513699062
2/09/2023 12:00:00 am,85.182970314551113,0.30728595167543205,0,0.41578040653320414,0,20.035632465374494,11.112023808777739,0,0.74013853154462805,0,0,0.60278349382627183,20.035632465374494
3/09/2023 12:00:00 am,85.272734216452207,0.30205054260222042,0,0.39181444450331487,0,20.337683007976715,11.279544990185443,0,0.71690142074429819,0,0,0.61223164698796173,20.337683007976715
4/09/2023 12:00:00 am,85.345968767919118,0.30527051590731702,0,0.3785050673742324,0,20.642953523884032,11.448852010901774,0,0.69317238029529693,0,0,0.62156418889556564,20.642953523884032
5/09/2023 12:00:00 am,85.403700450248991,0.30099222729348085,0,0.35872390962335526,0,20.943945751177512,11.615786236797682,0,0.67147449311765661,0,0,0.63055440732016188,20.943945751177512
6/09/2023 12:00:00 am,85.445704984420871,0.32068835192221101,0,0.36269288609409861,0,21.264634103099723,11.793644191015785,0,0.64646947771078478,0,0,0.63990377811231813,21.264634103099723
7/09/2023 12:00:00 am,85.469300715253453,0.32749275161889102,0,0.351088482451478,0,21.592126854718614,11.975275954299541,0,0.61749957569126501,0,0,0.64921008078199338,21.592126854718614
8/09/2023 12:00:00 am,85.476957043988818,0.31841330755356267,0,0.32606963628893804,0,21.910540162272177,12.151872139155776,0,0.59057667425029181,0,0,0.65802730373478135,21.910540162272177
9/09/2023 12:00:00 am,85.473328730129538,0.30089162567879768,0,0.29726331181952331,0,22.211431787950975,12.318750570080423,0,0.56666375080437037,0,0,0.66615277927294381,22.211431787950975
10/09/2023 12:00:00 am,85.448059371742161,0.34263717628591905,0,0.3173678178985414,0,22.554068964236894,12.508781629356513,0,0.53860876953687298,0,0,0.6751648422285681,22.554068964236894
11/09/2023 12:00:00 am,85.402379706500597,0.37477592648695435,0,0.32909626124538677,0,22.928844890723848,12.716637259832709,0,0.51280139321441809,0,0,0.6847337489783849,22.928844890723848
12/09/2023 12:00:00 am,85.340335407903581,0.37701980111753386,0,0.31497550252050599,0,23.305864691841382,12.925737372526376,0,0.48625762393643179,0,0,0.6940619300635863,23.305864691841382
13/09/2023 12:00:00 am,85.266059292672338,0.37316386812314306,0,0.29888775289190006,0,23.679028559964525,13.132698934350097,0,0.46449610369640143,0,0,0.70300684941481684,23.679028559964525
14/09/2023 12:00:00 am,85.169834916734317,0.39824293545339629,0,0.30201855951538109,0,24.077271495417921,13.353569674921099,0,0.43554155459159688,0,0,0.71224456105347644,24.077271495417921
15/09/2023 12:00:00 am,85.045788282443965,0.43713081283039301,0,0.3130841785400435,0,24.514402308248314,13.596008140894972,0,0.40335145831578706,0,0,0.72202746779963523,24.514402308248314
16/09/2023 12:00:00 am,85.106846639209209,0.4373253065379501,0,0.49838366330319794,0,24.951727614786265,13.838554475622812,0,0.76853498859730218,0,27.600000000000001,0.73145191390696329,24.951727614786265
17/09/2023 12:00:00 am,85.136234034068423,0.41760881449621579,0,0.4469962093554336,0,25.36933642928248,14.070165785994822,0,0.73265983620997199,0,0,0.74012320943256438,25.36933642928248
18/09/2023 12:00:00 am,85.141802071254546,0.41321768760405675,0,0.41878572479018267,0,25.782554116886537,14.299341719961456,0,0.70217093726324487,0,0,0.74839761565694796,25.782554116886537
19/09/2023 12:00:00 am,85.123710457581268,0.43174922416719852,0,0.4136576104939107,0,26.214303341053736,14.538795486477607,0,0.67199365063110239,0,0,0.75672875356121638,26.214303341053736
20/09/2023 12:00:00 am,85.084738989932433,0.42141798276950837,0,0.38244651512067118,0,26.635721323823244,14.77251941139361,0,0.64147397361094749,0,0,0.76456106429324278,26.635721323823244
21/09/2023 12:00:00 am,85.019179316336178,0.44896448710686343,0,0.38340481351061112,0,27.084685810930107,15.021520987892332,0,0.60838272587300757,0,0,0.77259129088777312,27.084685810930107
22/09/2023 12:00:00 am,84.934214326959605,0.44024528435360821,0,0.35528029497702956,0,27.524931095283716,15.265686780506751,0,0.57649989560346304,0,0,0.78016231758494936,27.524931095283716
23/09/2023 12:00:00 am,84.829678185815098,0.43745454723677923,0,0.33291840609227524,0,27.962385642520495,15.508304793816489,0,0.54265357875778508,0,0,0.78739901456698069,27.962385642520495
24/09/2023 12:00:00 am,84.699947805361617,0.46705071099704298,0,0.33732033054355542,0,28.429436353517538,15.767337226632115,0,0.51575489499879823,0,0,0.79482237207292317,28.429436353517538
25/09/2023 12:00:00 am,84.560807991043788,0.4510647918274806,0,0.31192497750965198,0,28.880501145345018,16.017503659598503,0,0.49256270146461317,0,0,0.80170634649522188,28.880501145345018
26/09/2023 12:00:00 am,84.387250162503008,0.49667042496362157,0,0.32311259642283913,0,29.37717157030864,16.292963573172457,0,0.45894753435399949,0,0,0.80897552292733721,29.37717157030864
27/09/2023 12:00:00 am,84.186407025962325,0.51486952957809962,0,0.31402639303741076,0,29.89204109988674,16.578516948189364,0,0.42092352860082088,0,0,0.81618209158859889,29.89204109988674
28/09/2023 12:00:00 am,84.177674934212675,0.51045470407489901,0,0.50172261232525439,0,30.402495803961639,16.861621803241263,0,0.79442020515275091,0,27.600000000000001,0.82301135570249273,30.402495803961639
29/09/2023 12:00:00 am,84.140749357756675,0.51169997753624941,0,0.47477440108025232,0,30.914195781497888,17.145417303241594,0,0.7619777346617943,0,0,0.82955663019297021,30.914195781497888
30/09/2023 12:00:00 am,84.060298283980046,0.58088078879973182,0,0.50042971502310896,0,31.49507657029762,17.467581385975656,0,0.7159573329570299,0,0,0.8366397899412964,31.49507657029762
1/10/2023 12:00:00 am,83.939771147338547,0.59285154095939419,0,0.47232440431789696,0,32.087928111257014,17.796384604421409,0,0.66960658452837518,0,0,0.84350804380726818,32.087928111257014
2/10/2023 12:00:00 am,83.779198299305705,0.61906145025013615,0,0.45848860221729254,0,32.70698956150715,18.139724181355867,0,0.62627526542192491,0,0,0.85031226327993281,32.70698956150715
3/10/2023 12:00:00 am,83.59955536037404,0.589258393242865,0,0.40961545431120883,0,33.296247954750015,18.466534593083715,0,0.59402823062641885,0,0,0.8564593405593075,33.296247954750015
4/10/2023 12:00:00 am,83.400790098853221,0.58376045203922899,0,0.38499519051841241,0,33.880008406789244,18.790295774713147,0,0.56693276505704593,0,0,0.86224966596191266,33.880008406789244
5/10/2023 12:00:00 am,83.174852681397169,0.58839933000205491,0,0.36246191254599058,0,34.468407736791299,19.116629738732065,0,0.52731694934077045,0,0,0.86780089865104459,34.468407736791299
6/10/2023 12:00:00 am,82.906440988220453,0.63079535498010841,0,0.36238366180339304,0,35.099203091771408,19.466477092696007,0,0.48504422276951831,0,0,0.87345194584916686,35.099203091771408
7/10/2023 12:00:00 am,82.606470720990075,0.64574072063496857,0,0.34577045340458035,0,35.744943812406376,19.824613341920667,0,0.4431179340811045,0,0,0.87893369837617963,35.744943812406376
8/10/2023 12:00:00 am,82.305701100634366,0.61363007577517692,0,0.31286045541947355,0,36.358573888181553,20.164940607535065,0,0.41876329885993663,0,0,0.88387521938598723,36.358573888181553
9/10/2023 12:00:00 am,82.198343134833138,0.6043316577498814,0,0.49697369194864693,0,36.962905545931434,20.500110848899805,0,0.79237622824910225,0,27.600000000000001,0.88850159577379861,36.962905545931434
10/10/2023 12:00:00 am,82.063441356340874,0.60894443708437507,0,0.47404265859211803,0,37.571849983015809,20.837839398013404,0,0.76155043728558947,0,0,0.89293567571755772,37.571849983015809
11/10/2023 12:00:00 am,81.884172001680483,0.66049276126582868,0,0.48122340660543028,0,38.232342744281638,21.204157321912003,0,0.72224075476371663,0,0,0.89750163456717513,38.232342744281638
12/10/2023 12:00:00 am,81.642934360878144,0.74999226301007127,0,0.50875462220773437,0,38.982335007291709,21.620112840030515,0,0.67523952517254981,0,0,0.9023979922634352,38.982335007291709
13/10/2023 12:00:00 am,81.37454145477102,0.7270300638916396,0,0.45863715778452879,0,39.709365071183349,22.023333222198278,0,0.63629782340995811,0,0,0.90687069980716695,39.709365071183349
14/10/2023 12:00:00 am,81.078095900670121,0.71547112401424329,0,0.41902556991335127,0,40.424836195197592,22.420142865132135,0,0.59396229016694102,0,0,0.91102655902045171,40.424836195197592
15/10/2023 12:00:00 am,80.754369860724097,0.70888218046767548,0,0.38515614052165814,0,41.133718375665268,22.81329819379911,0,0.54993702190723082,0,0,0.91491921136092669,41.133718375665268
16/10/2023 12:00:00 am,80.378769378237195,0.75723247862580223,0,0.38163199613889648,0,41.89095085429107,23.233269230191972,0,0.50295215910221558,0,0,0.91884607364252036,41.89095085429107
17/10/2023 12:00:00 am,79.942982202655642,0.8231682119382242,0,0.38738103635667359,0,42.714119066229294,23.689809086644939,0,0.4585630112231846,0,0,0.92286209567040767,42.714119066229294
18/10/2023 12:00:00 am,79.494251104285368,0.79483887553097077,0,0.34610777716069291,0,43.508957941760265,24.130637122610672,0,0.41458792460177063,0,0,0.92650735306736942,43.508957941760265
19/10/2023 12:00:00 am,79.2482974206699,0.80545536720753574,0,0.55950168359205987,0,44.314413308967801,24.577353203711965,0,0.78077036960911972,0,27.600000000000001,0.92998457046658523,44.314413308967801
20/10/2023 12:00:00 am,78.948335184907791,0.82253579505741214,0,0.52257355929531668,0,45.136949104025213,25.033542313491541,0,0.72464738432088827,0,0,0.93332602058970493,45.136949104025213
21/10/2023 12:00:00 am,78.569231709760601,0.91411616419791386,0,0.53501268905073018,0,46.051065268223127,25.540523093764396,0,0.66812490796158452,0,0,0.93680904197896497,46.051065268223127
22/10/2023 12:00:00 am,78.172116460710356,0.85072995086692771,0,0.4536147018166829,0,46.901795219090054,26.012349051103694,0,0.61756918809319361,0,0,0.93984842487037923,46.901795219090054
23/10/2023 12:00:00 am,77.73700521497787,0.85880527967913878,0,0.42369403394665661,0,47.760600498769193,26.488653691418435,0,0.57128117162316117,0,0,0.94273344022096728,47.760600498769193
24/10/2023 12:00:00 am,77.257028369383761,0.87819055778256683,0,0.39821371218846113,0,48.63879105655176,26.975709660506919,0,0.51893646810467775,0,0,0.94550677872122535,48.63879105655176
25/10/2023 12:00:00 am,76.727814627733352,0.90803806769768869,0,0.37882432604727634,0,49.546829124249449,27.479319448966109,0,0.46606920183962741,0,0,0.94819992602821024,49.546829124249449
26/10/2023 12:00:00 am,76.116863149654861,1.0048648006589787,0,0.39391332258049189,0,50.551693924908427,28.036630609910112,0,0.42258036493907042,0,0,0.95098901082759535,50.551693924908427
27/10/2023 12:00:00 am,75.743354437192252,0.98344729798436958,0,0.6099385855217585,0,51.535141222892797,28.582063343753997,0,0.7864043923032803,0,27.600000000000001,0.95353905722596177,51.535141222892797
28/10/2023 12:00:00 am,75.296150922733403,1.0505788230225264,0,0.60337530856366384,0,52.585720045915323,29.164728099388689,0,0.73527655118513346,0,0,0.9560825212959424,52.585720045915323
29/10/2023 12:00:00 am,74.785641971360604,1.0839989981435494,0,0.57349004677075055,0,53.669719044058873,29.765928121243714,0,0.68429652848376532,0,0,0.95852702562279901,53.669719044058873
30/10/2023 12:00:00 am,74.229673328024376,1.0737667905063191,0,0.51779814717007888,0,54.743485834565192,30.361453226917391,0,0.63019866609548303,0,0,0.96078306337357922,54.743485834565192
31/10/2023 12:00:00 am,73.618567208563746,1.085358311325578,0,0.47425219186494971,0,55.82884414589077,30.963407141641451,0,0.56900084603688794,0,0,0.96290980488967359,55.82884414589077
1/11/2023 12:00:00 am,72.926795803230391,1.1584773681054656,0,0.46670596277210319,0,56.987321513996235,31.605913841570445,0,0.51433631291798676,0,0,0.96502338420229539,56.987321513996235
2/11/2023 12:00:00 am,72.222878435252312,1.1178620201112253,0,0.41394465213313469,0,58.105183534107461,32.225894738298891,0,0.46864141181491437,0,0,0.96692229452392797,58.105183534107461
3/11/2023 12:00:00 am,71.467504477692032,1.1534508606069522,0,0.39807690304667537,0,59.258634394714413,32.865613671428157,0,0.42455379258377896,0,0,0.96874888523245706,59.258634394714413
4/11/2023 12:00:00 am,70.934779452102276,1.1772419138388557,0,0.64451688824910325,0,60.435876308553269,33.518527433839999,0,0.78546590955337903,0,27.600000000000001,0.97048547310145417,60.435876308553269
5/11/2023 12:00:00 am,70.341875990398037,1.1791866024676239,0,0.58628314076337851,0,61.615062911020892,34.172519745999686,0,0.72562454776441565,0,0,0.97210624198628515,61.615062911020892
6/11/2023 12:00:00 am,69.713126780946908,1.1485332931813943,0,0.5197840837302693,0,62.763596204202287,34.809511331918515,0,0.67012586473909153,0,0,0.97357991917723463,62.763596204202287
7/11/2023 12:00:00 am,69.018517249932813,1.1920469751311131,0,0.49743744411700436,0,63.9556431793334,35.470636174956546,0,0.61822052598294386,0,0,0.97500865987929974,63.9556431793334
8/11/2023 12:00:00 am,68.273649739125432,1.2048983914307669,0,0.46003088062339009,0,65.160541570764167,36.138888581556401,0,0.56294921320261415,0,0,0.97635678679745008,65.160541570764167
9/11/2023 12:00:00 am,67.464154002678455,1.2490142107051412,0,0.43951847425816182,0,66.409555781469308,36.831608198510985,0,0.51028895187723078,0,0,0.9776605797054394,66.409555781469308
10/11/2023 12:00:00 am,66.515826692117898,1.4179786581601945,0,0.46965134759963661,0,67.827534439629503,37.618037707888611,0,0.46071622925314609,0,0,0.97903485114332844,67.827534439629503
11/11/2023 12:00:00 am,65.562320507669128,1.3732302398882865,0,0.41972405543951924,0,69.200764679517789,38.379649159233786,0,0.41795685272752353,0,0,0.98026767640272994,69.200764679517789
12/11/2023 12:00:00 am,64.865632621413454,1.3573115096288859,0,0.66062362337320668,0,70.558076189146675,39.132431874578039,0,0.78547686483679302,0,27.600000000000001,0.98139964499679355,70.558076189146675
13/11/2023 12:00:00 am,64.14625748215208,1.285608445531139,0,0.56623330626976043,0,71.843684634677814,39.84544713277846,0,0.7278018614649252,0,0,0.98239906114884235,71.843684634677814
14/11/2023 12:00:00 am,63.328528191478924,1.3644090537224827,0,0.54667976304932708,0,73.208093688400297,40.602166238904907,0,0.66225084876412943,0,0,0.98338865064940517,73.208093688400297
15/11/2023 12:00:00 am,62.419446475877614,1.4297227976396272,0,0.52064108203831483,0,74.637816486039924,41.395109201637922,0,0.59731087112008108,0,0,0.98435351015270223,74.637816486039924
16/11/2023 12:00:00 am,61.432238009515657,1.4872347376779231,0,0.50002627131596711,0,76.125051223717847,42.219949038507494,0,0.54479317964226115,0,0,0.98528550625463462,76.125051223717847
17/11/2023 12:00:00 am,60.454630938170304,1.4117545609046687,0,0.43414748955931626,0,77.536805784622516,43.002926582143033,0,0.49621269019775427,0,0,0.98610828045389431,77.536805784622516
18/11/2023 12:00:00 am,59.476780080181847,1.3714711225811129,0,0.39362026459265459,0,78.908276907203629,43.763562404022373,0,0.45757622384003455,0,0,0.98685456023932361,78.908276907203629
19/11/2023 12:00:00 am,58.48052178716776,1.3662373656425615,0,0.36997907262847501,0,80.27451427284619,44.521295515851946,0,0.42356540317112451,0,0,0.9875501236820271,80.27451427284619
20/11/2023 12:00:00 am,57.643467533703522,1.4849205938055263,0,0.64786634034129031,0,81.759434866651716,45.344851898263514,0,0.78740042576820757,0,27.600000000000001,0.98825619262238884,81.759434866651716
21/11/2023 12:00:00 am,56.752815945278641,1.4937907304430951,0,0.60313914201821106,0,83.253225597094811,46.173327774465641,0,0.73900794315053409,0,0,0.98891820169636191,83.253225597094811
22/11/2023 12:00:00 am,55.846695199391647,1.4317674248545416,0,0.52564667896754791,0,84.684993021949353,46.967404714193471,0,0.68196432806434026,0,0,0.98951090468803238,84.684993021949353
23/11/2023 12:00:00 am,54.78183053797779,1.6079866092100445,0,0.54312194779618606,0,86.292979631159398,47.859215118313095,0,0.61725235349136032,0,0,0.99013169649436872,86.292979631159398
24/11/2023 12:00:00 am,53.634019713466884,1.6637222244924743,0,0.51591139998156776,0,87.956701855651872,48.781937223627345,0,0.55990330642986963,0,0,0.99072816352033677,87.956701855651872
25/11/2023 12:00:00 am,52.409487907331147,1.72558986801765,0,0.50105806188191415,0,89.682291723669522,49.738971933199686,0,0.5165932394675733,0,0,0.99130179121805539,89.682291723669522
26/11/2023 12:00:00 am,51.158720094562852,1.7122430307839522,0,0.46147521801565505,0,91.394534754453474,50.688604312280624,0,0.47277684786622515,0,0,0.99182958633882667,91.394534754453474
27/11/2023 12:00:00 am,49.889334459794092,1.693659963943503,0,0.42427432917474134,0,93.088194718396977,51.627930279446311,0,0.42912122913272926,0,0,0.99231455942609781,93.088194718396977
28/11/2023 12:00:00 am,48.880085966196333,1.6874133489007335,0,0.67816485530297554,0,94.775608067297711,52.563791792210573,0,0.79817286475271054,0,27.600000000000001,0.99276412717786178,94.775608067297711
29/11/2023 12:00:00 am,47.820892279028826,1.6698501678926334,0,0.61065648072512668,0,96.445458235190344,53.489912535081153,0,0.73766884740262217,0,0,0.99317868585305569,96.445458235190344
30/11/2023 12:00:00 am,46.666788837248305,1.7414710600330494,0,0.58736761825252892,0,98.186929295223393,54.455755161453311,0,0.68122549377520958,0,0,0.9935814993973876,98.186929295223393
1/12/2023 12:00:00 am,45.363643877737353,1.8906364730547978,0,0.58749151354384477,0,100.07756576827819,55.504326876802743,0,0.61781207956189133,0,0,0.99398752423857206,100.07756576827819
2/12/2023 12:00:00 am,43.97042574847795,1.9486730445828186,0,0.55545491532341662,0,102.02623881286101,56.585086433774535,0,0.55876427008167295,0,0,0.99437485370333834,102.02623881286101
3/12/2023 12:00:00 am,42.459764076451876,2.0572919482530239,0,0.54663027622695193,0,104.08353076111403,57.726087455334586,0,0.50676785229025201,0,0,0.99475251413938104,104.08353076111403
4/12/2023 12:00:00 am,40.932803848009478,2.0234036704853935,0,0.49644344204299862,0,106.10693443159943,58.848293594824277,0,0.46020774399431974,0,0,0.99509544926895488,106.10693443159943
5/12/2023 12:00:00 am,39.368425844489465,2.0324405147694193,0,0.46806251124940396,0,108.13937494636885,59.975511686345598,0,0.42091399902282445,0,0,0.99541400922082002,108.13937494636885
6/12/2023 12:00:00 am,38.118389064951906,1.9713623806336216,0,0.72132560109605914,0,110.11073732700247,61.068855045842106,0,0.7867561789742531,0,27.600000000000001,0.99570035008850244,110.11073732700247
7/12/2023 12:00:00 am,36.745700655052701,2.0655282633056089,0,0.69283985340640164,0,112.17626559030808,62.214424035452048,0,0.72226498625726654,0,0,0.99597850978800073,112.17626559030808
8/12/2023 12:00:00 am,35.296966158071768,2.0936723039277751,0,0.64493780694684488,0,114.26993789423585,63.375602078083368,0,0.66517806833270465,0,0,0.99623959069911883,114.26993789423585
9/12/2023 12:00:00 am,33.836525513516513,2.0202241342849447,0,0.55978348972969261,0,116.2901620285208,64.496044805211525,0,0.6006268241122662,0,0,0.99647329336418078,116.2901620285208
10/12/2023 12:00:00 am,32.248040914510938,2.1381785686759258,0,0.549693969670349,0,118.42834059719672,65.681906604363917,0,0.5433946651141629,0,0,0.99670280508257814,118.42834059719672
11/12/2023 12:00:00 am,30.497338364632547,2.3078955005160537,0,0.55719295063766261,0,120.73623609771278,66.961895633620955,0,0.48988437861425316,0,0,0.99693172809960851,120.73623609771278
12/12/2023 12:00:00 am,28.621969389164615,2.4313676423199837,0,0.55599866685205113,0,123.16760374003276,68.310363927598843,0,0.44609419557881386,0,0,0.99715368522644465,123.16760374003276
13/12/2023 12:00:00 am,26.8084433297057,2.3049571688481194,0,0.49143110938920359,0,125.47256090888088,69.588723319682771,0,0.41270286737780942,0,0,0.99734755608163295,125.47256090888088
14/12/2023 12:00:00 am,25.339948454167953,2.2157904420993617,0,0.74729556656161356,0,127.68835135098024,70.817629678911587,0,0.77592200221502272,0,27.600000000000001,0.99752008989106145,127.68835135098024
15/12/2023 12:00:00 am,46.521765533108571,2.4004708786835351,0,0.74289167409642543,22.839396283527726,130.08882222966378,72.148962223681878,0,0.7027101545471981,0,0,0.99769302599474163,130.08882222966378
16/12/2023 12:00:00 am,44.832257492434607,2.3531259627572751,0,0.66361792208331483,0,132.44194819242105,73.454036658861327,0,0.64462224545840652,0,0,0.99784965700783101,132.44194819242105
17/12/2023 12:00:00 am,43.110833991416769,2.3233989946877216,0,0.60197549366988101,0,134.76534718710877,74.742624128754201,0,0.59054883778429068,0,0,0.99799286480875771,134.76534718710877
18/12/2023 12:00:00 am,41.307020782832744,2.3781545127850734,0,0.57434130420105012,0,137.14350169989385,76.06157972512429,0,0.53984817553067876,0,0,0.99812866910725362,137.14350169989385
19/12/2023 12:00:00 am,39.450886398449192,2.3972932469751242,0,0.54115886259157087,0,139.54079494686897,77.391149913789249,0,0.49353437943243383,0,0,0.99825545858793641,139.54079494686897
20/12/2023 12:00:00 am,37.595396147420388,2.3611288455063573,0,0.5056385944775551,0,141.90192379237533,78.700662852410034,0,0.46225335945638812,0,0,0.99837124326908078,141.90192379237533
21/12/2023 12:00:00 am,35.727165322949219,2.343651289848026,0,0.47542046537685972,0,144.24557508222335,80.000482510075969,0,0.42727832983203146,0,0,0.998477979231294,144.24557508222335
22/12/2023 12:00:00 am,34.111328286832901,2.4084283072321568,0,0.79259127111583649,0,146.65400338945551,81.336228348793512,0,0.79376493312212049,0,27.600000000000001,0.99857985144827366,146.65400338945551
23/12/2023 12:00:00 am,32.441185859790288,2.3860866247784429,0,0.71594419773583018,0,149.04009001423395,82.659583198218229,0,0.73013226459954028,0,0,0.99867359507838782,149.04009001423395
24/12/2023 12:00:00 am,30.627283255701457,2.5008755793120088,0,0.6869729752231778,0,151.54096559354596,84.04660150313731,0,0.65900733199381611,0,0,0.99876479524311867,151.54096559354596
25/12/2023 12:00:00 am,28.741859562229195,2.5202789200934319,0,0.63485522662116833,0,154.06124451363939,85.444381154627621,0,0.59682890790364385,0,0,0.99884999207451475,154.06124451363939
26/12/2023 12:00:00 am,26.874759706659606,2.4248871719165948,0,0.55778731634700773,0,156.48613168555599,86.789255294962516,0,0.5400568381680978,0,0,0.99892611731315462,156.48613168555599
27/12/2023 12:00:00 am,47.63421588747714,2.7171345321872025,0,0.60196201460385979,22.874628698400876,159.20326621774319,88.296213643569473,0,0.49087618072020039,0,0,0.99900516151618513,159.20326621774319
28/12/2023 12:00:00 am,45.453537871648486,2.7656790664283051,0,0.58500105059965113,0,161.9689452841715,89.830095425774303,0,0.4546637509829099,0,0,0.99907939317424588,161.9689452841715
29/12/2023 12:00:00 am,43.395488718825959,2.5572389963218143,0,0.49918984349928713,0,164.52618428049331,91.248373618936981,0,0.41356111969419457,0,0,0.99914290959520102,164.52618428049331
30/12/2023 12:00:00 am,41.593051349274972,2.6513744068879532,0,0.84893703733696357,0,167.17755868738126,92.718860541984668,0,0.78335597240886257,0,27.600000000000001,0.99920399470884191,167.17755868738126
31/12/2023 12:00:00 am,39.758675059282716,2.5740894962740981,0,0.73971320628183945,0,169.75164818365536,94.146484242806423,0,0.70978877884182556,0,0,0.99925902134029965,169.75164818365536
1/01/2024 12:00:00 am,37.818165189480226,2.6354658152336867,0,0.69495594543119887,0,172.38711399888905,95.608148052856222,0,0.64176973399514403,0,0,0.99931133835851949,172.38711399888905
2/01/2024 12:00:00 am,35.714618278481254,2.7987797302962178,0,0.6952328192972459,0,175.18589372918527,97.160387896161552,0,0.58438642884194325,0,0,0.99936279633530423,175.18589372918527
3/01/2024 12:00:00 am,33.605041065830576,2.7441035474330988,0,0.63452633478241982,0,177.92999727661837,98.682303613348154,0,0.53613761977815866,0,0,0.99940947684276182,177.92999727661837
4/01/2024 12:00:00 am,31.580114576842334,2.5753595423126683,0,0.55043305332442827,0,180.50535681893103,100.1106316983137,0,0.49102423523908945,0,0,0.99945015732076847,180.50535681893103
5/01/2024 12:00:00 am,29.491885865922377,2.6209987666984489,0,0.53277005577849335,0,183.12635558562948,101.56427189403314,0,0.44868568128220881,0,0,0.99948868524426304,183.12635558562948
6/01/2024 12:00:00 am,27.357970081546906,2.6442853427927275,0,0.51036955841725795,0,185.77064092842221,103.03082712941666,0,0.40571430577921797,0,0,0.99952483750449117,185.77064092842221
7/01/2024 12:00:00 am,48.199175193830015,2.8375124534368013,0,0.90515229367663119,22.773565272043282,188.60815338185901,104.6045486475561,0,0.76917227991718318,0,27.600000000000001,0.99956082685809533,188.60815338185901
8/01/2024 12:00:00 am,46.224337425744729,2.784592290499063,0,0.8097545224137751,0,191.39274567235807,106.14891995119423,0,0.70231672555611668,0,0,0.99959353982364629,191.39274567235807
9/01/2024 12:00:00 am,44.280841005315402,2.6347958576557744,0,0.69129943722644749,0,194.02754153001385,107.61021219400901,0,0.63602177588360798,0,0,0.99962229829258797,194.02754153001385
10/01/2024 12:00:00 am,42.332508432984405,2.5770851023776515,0,0.62875253004665754,0,196.6046266323915,109.03949729715494,0,0.58414337162352103,0,0,0.99964851389568066,196.6046266323915
11/01/2024 12:00:00 am,40.310915711042973,2.6285406304880041,0,0.60694790854657499,0,199.2331672628795,110.49732030917119,0,0.53593357046934542,0,0,0.99967344316999851,199.2331672628795
12/01/2024 12:00:00 am,38.217892822533017,2.686436097230569,0,0.59341320872061554,0,201.91960336011007,111.98725290425025,0,0.49428528020857204,0,0,0.99969716750253867,201.91960336011007
13/01/2024 12:00:00 am,36.081865164245372,2.7039991328900896,0,0.56797147460244679,0,204.62360249300016,113.48692618861081,0,0.45045507519606964,0,0,0.99971938480954214,204.62360249300016
14/01/2024 12:00:00 am,33.926729184575343,2.6945048859317922,0,0.53936890626176581,0,207.31810737893196,114.98133383943424,0,0.40948737483930914,0,0,0.99973998434021627,207.31810737893196
15/01/2024 12:00:00 am,32.070913058722674,2.7616623290244888,0,0.90584620317181608,0,210.07976970795644,116.5129878865405,0,0.77326943657609393,0,27.600000000000001,0.99975961685052805,210.07976970795644
16/01/2024 12:00:00 am,30.193901827190508,2.6667903944017723,0,0.78977916286960603,0,212.74656010235822,117.99202471788709,0,0.69931966834798054,0,0,0.99977725358178893,212.74656010235822
17/01/2024 12:00:00 am,28.274721331202109,2.6349224487437652,0,0.71574195275536723,0,215.38148255110198,119.45338716977496,0,0.63185480693418306,0,0,0.99979349376113269,215.38148255110198
18/01/2024 12:00:00 am,49.141971170768329,2.7100234849847595,0,0.70226381133872795,22.875009513212248,218.09150603608674,120.95640163859895,0,0.58383446146740281,0,0,0.99980905222845384,218.09150603608674
19/01/2024 12:00:00 am,47.129501855727241,2.6535152179428394,0,0.64104590290175467,0,220.74502125402958,122.42807588345705,0,0.52974733154746345,0,0,0.99982323873076151,220.74502125402958
20/01/2024 12:00:00 am,45.213797560851006,2.4642225892481235,0,0.54851829437188682,0,223.2092438432777,123.79476596070697,0,0.47789627832997783,0,0,0.99983554694666288,223.2092438432777
21/01/2024 12:00:00 am,43.11389394216495,2.6828740582085118,0,0.58297043952245542,0,225.89211790148622,125.28272300235696,0,0.43166619582146715,0,0,0.99984806143675065,225.89211790148622
22/01/2024 12:00:00 am,41.336741254729787,2.7782184126362495,0,1.0010657252010851,0,228.67033631412247,126.82355926996921,0,0.79697300632629775,0,27.600000000000001,0.99986011232073668,228.67033631412247
23/01/2024 12:00:00 am,39.583081842161533,2.5929456274752738,0,0.83928621490701738,0,231.26328194159774,128.26164082777208,0,0.72468513523297717,0,0,0.99987058199945322,231.26328194159774
24/01/2024 12:00:00 am,37.816158674276849,2.5196055079202893,0,0.75268234003560175,0,233.78288744951803,129.65904699606367,0,0.66255695406507931,0,0,0.9998800837076921,233.78288744951803
25/01/2024 12:00:00 am,36.030567061648782,2.4747793365610562,0,0.68918772393299188,0,236.25766678607908,131.03159198344366,0,0.60528394622983006,0,0,0.99988881239387939,236.25766678607908
26/01/2024 12:00:00 am,34.24310645036325,2.413663726921385,0,0.62620311563585163,0,238.67133051300047,132.37024145439423,0,0.54870779065431519,0,0,0.99989678433795626,238.67133051300047
27/01/2024 12:00:00 am,32.452646680291288,2.376048676675623,0,0.58558890660366303,0,241.04737918967609,133.68802912651606,0,0.50400717413922735,0,0,0.99990414136591121,241.04737918967609
28/01/2024 12:00:00 am,30.581479146638074,2.4542309086805574,0,0.5830633750273444,0,243.50161009835665,135.04917768704328,0,0.45808147660269327,0,0,0.9999112598107126,243.50161009835665
29/01/2024 12:00:00 am,28.660232309853161,2.4901623415271388,0,0.56891550474222463,0,245.99177243988379,136.43025429016978,0,0.41253136815267416,0,0,0.99991801320259321,245.99177243988379
30/01/2024 12:00:00 am,27.078467008124985,2.5357916339394251,0,0.95402633221124833,0,248.52756407382321,137.83663749564789,0,0.77392801078425322,0,27.600000000000001,0.9999244342574275,248.52756407382321
31/01/2024 12:00:00 am,25.431448917414858,2.5212716350025914,0,0.87425354429246371,0,251.04883570882581,139.23496771981041,0,0.70092211833750551,0,0,0.99993039029860242,251.04883570882581
1/02/2024 12:00:00 am,46.597477757395957,2.4112444845698633,0,0.76394040702083743,22.813332917530126,253.46008019339567,140.57227544731185,0,0.63200018197817831,0,0,0.99993571119141456,253.46008019339567
2/02/2024 12:00:00 am,45.008756328106493,2.2415751726837243,0,0.65285374339426061,0,255.70165536607939,141.81548235535797,0,0.57410183980952856,0,0,0.99994034779894192,255.70165536607939
3/02/2024 12:00:00 am,43.418757457572987,2.1884042049573225,0,0.59840533442381616,0,257.89005957103672,143.02919994928672,0,0.5198199703528894,0,0,0.99994460238198446,257.89005957103672
4/02/2024 12:00:00 am,41.688528736459496,2.3681610257215766,0,0.6379323046080867,0,260.25822059675829,144.34261302702788,0,0.47544463714611801,0,0,0.99994892031380334,260.25822059675829
5/02/2024 12:00:00 am,40.118729869589991,2.0962121567258123,0,0.5264132898563082,0,262.3544327534841,145.50519970523939,0,0.43750747174188243,0,0,0.99995250762234589,262.3544327534841
6/02/2024 12:00:00 am,38.868054074878941,2.1273828710378098,0,0.87670707632675682,0,264.48181562452191,146.68507406928612,0,0.7958857735109961,0,27.600000000000001,0.9999559348944127,264.48181562452191
7/02/2024 12:00:00 am,37.581820026221465,2.0965789821987073,0,0.81034493354123249,0,266.57839460672062,147.84786419370258,0,0.73652402193060462,0,0,0.9999591129970864,266.57839460672062
8/02/2024 12:00:00 am,36.232646048615209,2.1077146821583028,0,0.75854070455205036,0,268.68610928887892,149.01683032295898,0,0.66720590749409969,0,0,0.99996211854722727,268.68610928887892
9/02/2024 12:00:00 am,34.848049363592985,2.0886235415850933,0,0.70402685656286668,0,270.77473283046402,150.17520825596296,0,0.60544027467763972,0,0,0.99996491906115093,270.77473283046402
10/02/2024 12:00:00 am,33.450064519449654,2.0458504756333582,0,0.64786563149002507,0,272.82058330609738,151.3098636871666,0,0.54828629392590233,0,0,0.99996749930082351,272.82058330609738
11/02/2024 12:00:00 am,31.99858653556096,2.0874372311413367,0,0.63595924725264474,0,274.90802053723871,152.46758367688284,0,0.49802181542532542,0,0,0.99996997418881928,274.90802053723871
12/02/2024 12:00:00 am,30.514697241082821,2.1100509741451106,0,0.62616167966697456,0,277.01807151138382,153.63784554423123,0,0.45765354549023235,0,0,0.99997232210765485,277.01807151138382
13/02/2024 12:00:00 am,29.149704223223676,1.8927718680046155,0,0.52777885014546866,0,278.91084337938844,154.68760157754835,0,0.41962664303282832,0,0,0.99997430322394176,278.91084337938844
14/02/2024 12:00:00 am,28.169672590703946,1.8048221358229171,0,0.82479050330318782,0,280.71566551521136,155.68857953911424,0,0.7887938797997881,0,27.600000000000001,0.99997608737587518,280.71566551521136
15/02/2024 12:00:00 am,27.188325266281744,1.7295503363837383,0,0.74820301196153483,0,282.44521585159509,156.64781077624085,0,0.74050429838245313,0,0,0.99997770529082619,282.44521585159509
16/02/2024 12:00:00 am,26.151967941810643,1.7645174430361408,0,0.72816011856503804,0,284.20973329463123,157.62643522804723,0,0.68521477235008588,0,0,0.9999792673271295,284.20973329463123
17/02/2024 12:00:00 am,25.032018446022782,1.8552916345385029,0,0.73534213875064369,0,286.06502492916974,158.65540423368489,0,0.62643255483633498,0,0,0.999980817465976,286.06502492916974
18/02/2024 12:00:00 am,23.873923147230119,1.8648937119531297,0,0.70679841316046799,0,287.92991864112287,159.68969867704104,0,0.57313633735739922,0,0,0.99998228462939609,287.92991864112287
19/02/2024 12:00:00 am,22.732694806966411,1.7699608536806295,0,0.62873251341692016,0,289.6998794948035,160.67134211558457,0,0.51860471689450716,0,0,0.99998359655096192,289.6998794948035
20/02/2024 12:00:00 am,21.609730665417054,1.7037912991299891,0,0.58082715758063364,0,291.40367079393349,161.61628705375111,0,0.47791762547532307,0,0,0.99998478860333651,291.40367079393349
21/02/2024 12:00:00 am,20.483373747910761,1.6763840680673638,0,0.55002715056107065,0,293.08005486200085,162.5460315831146,0,0.43342977410154837,0,0,0.99998589658448078,293.08005486200085
22/02/2024 12:00:00 am,19.735995881680306,1.6147178426464279,0,0.86733997641597338,0,294.69477270464728,163.44157521733499,0,0.79673860786279782,0,27.600000000000001,0.99998690549243263,294.69477270464728
23/02/2024 12:00:00 am,18.974433910588601,1.5558579923774118,0,0.79429602128570798,0,296.25063069702469,164.30447440877569,0,0.74785469011715477,0,0,0.99998782569895295,296.25063069702469
24/02/2024 12:00:00 am,18.154660190184767,1.5918118636879512,0,0.77203814328411824,0,297.84244256071264,165.18731408748135,0,0.68515923709802617,0,0,0.99998871655257016,297.84244256071264
25/02/2024 12:00:00 am,17.326545965864746,1.506241394633264,0,0.67812717031324432,0,299.3486839553459,166.02269526488399,0,0.62279713260563785,0,0,0.99998951423925309,299.3486839553459
26/02/2024 12:00:00 am,16.480292970697544,1.477360702273927,0,0.63110770710672359,0,300.82604465761983,166.84205883257729,0,0.56890833757486448,0,0,0.99999025553378762,300.82604465761983
27/02/2024 12:00:00 am,15.619966220882024,1.4504575742130896,0,0.59013082439757003,0,302.27650223183292,167.64650157358545,0,0.51710415424578415,0,0,0.99999094524287202,302.27650223183292
28/02/2024 12:00:00 am,14.759222069175333,1.4106436044882003,0,0.54989945278151109,0,303.68714583632112,168.42886296626233,0,0.47121956583518154,0,0,0.99999158118015496,303.68714583632112
29/02/2024 12:00:00 am,13.887423479328461,1.3981309749110551,0,0.52633238506418367,0,305.08527681123218,169.20428469092465,0,0.42618432648380078,0,0,0.99999217883246627,305.08527681123218
1/03/2024 12:00:00 am,13.373912173408838,1.3457367226141059,0,0.83222541669448236,0,306.43101353384628,169.95064787800536,0,0.7907396122987258,0,27.600000000000001,0.99999272450903154,306.43101353384628
2/03/2024 12:00:00 am,12.859580537040852,1.257446798728779,0,0.74311516236079278,0,307.68846033257506,170.6480443185666,0,0.75087012554904731,0,0,0.99999320908829958,307.68846033257506
3/03/2024 12:00:00 am,12.339039158749513,1.1842327683937128,0,0.66369139010237277,0,308.87269310096877,171.30483530034707,0,0.70371079453214447,0,0,0.99999364385820577,308.87269310096877
4/03/2024 12:00:00 am,11.770287979122854,1.2534228386143695,0,0.68467165898771076,0,310.12611593958314,172,0,0.65527601192344886,0,0,0.99999999999999978,310.12611593958314
5/03/2024 12:00:00 am,11.765877201981251,0,-0.67318428927978624,0.66877351213818426,0,0,0,0,0.62377563324739571,0,0,0,0
6/03/2024 12:00:00 am,11.768543377039929,0,-0.59657487429511413,0.5992410493537933,0,0,0,0,0.60136277508315839,0,0,0,0
7/03/2024 12:00:00 am,11.790214767861647,0,-0.57864332247368067,0.60031471329539798,0,0,0,0,0.58355076580697218,0,0,0,0
8/03/2024 12:00:00 am,11.819698356358819,0,-0.52345379027759265,0.55293737877476401,0,0,0,0,0.56541155974009172,0,0,0,0
9/03/2024 12:00:00 am,11.882862417431058,0,-0.53801919094377793,0.60118325201601697,0,0,0,0,0.55652270463526365,0,0,0,0
10/03/2024 12:00:00 am,11.966171362783026,0,-0.48448983587924532,0.56779878123121263,0,0,0,0,0.55842562072128388,0,0,0,0
11/03/2024 12:00:00 am,12.089264654811295,0,-0.45626806030351297,0.57936135233178243,0,0,0,0,0.57979093269383908,0,0,0,0
12/03/2024 12:00:00 am,12.252237015642965,0,-0.43991562383642346,0.60288798466809301,0,0,0,0,0.594151686502294,0,0,0,0
13/03/2024 12:00:00 am,12.435465946637493,0,-0.4075669741654373,0.59079590515996472,0,0,0,0,0.59881074279138624,0,0,0,0
14/03/2024 12:00:00 am,12.619535431641369,0,-0.38845400424841792,0.5725234892522949,0,0,0,0,0.56963210193384783,0,0,0,0
15/03/2024 12:00:00 am,12.818011910512871,0,-0.36817011488459173,0.56664659375609372,0,0,0,0,0.560633158851368,0,0,0,0
16/03/2024 12:00:00 am,13.026242020621385,0,-0.34405032295712878,0.55228043306564267,0,0,0,0,0.55257068015850586,0,0,0,0
17/03/2024 12:00:00 am,13.228134577045871,0,-0.30259774882743784,0.50449030525192307,0,0,0,0,0.55343547720613551,0,0,0,0
18/03/2024 12:00:00 am,13.457972983195429,0,-0.30420284160926592,0.53404124775882411,0,0,0,0,0.54177321714697912,0,0,0,0
19/03/2024 12:00:00 am,13.709912315611188,0,-0.30298911763086078,0.55492845004662139,0,0,0,0,0.52252238081466873,0,0,0,0
20/03/2024 12:00:00 am,13.961031927019896,0,-0.27767829740450889,0.52879790881321809,0,0,0,0,0.5115966792339135,0,0,0,0
21/03/2024 12:00:00 am,14.211848344159787,0,-0.25471364608002389,0.50553006321991556,0,0,0,0,0.50344848589564006,0,0,0,0
22/03/2024 12:00:00 am,14.468837432277123,0,-0.23150294425760531,0.48849203237494276,0,0,0,0,0.51351744237230601,0,0,0,0
23/03/2024 12:00:00 am,14.736081232908631,0,-0.22059063436815141,0.48783443499965878,0,0,0,0,0.50470801784592612,0,0,0,0
24/03/2024 12:00:00 am,15.028778378978558,0,-0.21248359767723723,0.50518074374716493,0,0,0,0,0.5118837086228375,0,0,0,0
25/03/2024 12:00:00 am,15.302611494825644,0,-0.18800633331484118,0.46183944916192632,0,0,0,0,0.4951385861344888,0,0,0,0
26/03/2024 12:00:00 am,15.610194489972494,0,-0.18648599689569956,0.49406899204254945,0,0,0,0,0.49048290209447998,0,0,0,0
27/03/2024 12:00:00 am,15.939812581523881,0,-0.17774518935793182,0.50736328090931893,0,0,0,0,0.48136181593876665,0,0,0,0
28/03/2024 12:00:00 am,16.276011101892927,0,-0.16384208987180493,0.50004061024085311,0,0,0,0,0.47405129562281023,0,0,0,0
29/03/2024 12:00:00 am,16.630276560597824,0,-0.16000975930383987,0.51427521800873877,0,0,0,0,0.49105832579565395,0,0,0,0
30/03/2024 12:00:00 am,16.96761875296415,0,-0.14239258565093849,0.47973477801726472,0,0,0,0,0.4965273333763105,0,0,0,0
31/03/2024 12:00:00 am,17.293749874185863,0,-0.12705162704222772,0.45318274826394028,0,0,0,0,0.49066432941308313,0,0,0,0
1/04/2024 12:00:00 am,17.641964974579999,0,-0.12169137601324209,0.4699064764073777,0,0,0,0,0.48138984911293625,0,0,0,0
2/04/2024 12:00:00 am,17.984662681430859,0,-0.11099840785054127,0.45369611470140103,0,0,0,0,0.48156569205820132,0,0,0,0
3/04/2024 12:00:00 am,18.319748301234291,0,-0.10165043484763459,0.43673605465106652,0,0,0,0,0.48723594388542157,0,0,0,0
4/04/2024 12:00:00 am,18.653806685381955,0,-0.093954808827774627,0.42801319297543916,0,0,0,0,0.48808008535502362,0,0,0.0075232147715289487,0
5/04/2024 12:00:00 am,19.00480976015573,0,-0.090982895126975549,0.4419859699007499,0,0,0,0,0.50307057322903148,0,0,0.0084664890048044509,0
6/04/2024 12:00:00 am,19.377325289884517,0,-0.084364254565233665,0.45687978429401921,0,0,0,0,0.53487922215820516,0,0,0.0095182516055718168,0
7/04/2024 12:00:00 am,19.762364993876083,0,-0.078799334666696197,0.46383903865826448,0,0,0,0,0.54426740481159497,0,0,0.010702172327726555,0
8/04/2024 12:00:00 am,20.146364827021266,0,-0.070598795199764197,0.45459862834494669,0,0,0,0,0.56690695765960053,0,0,0.011970699906238353,0
9/04/2024 12:00:00 am,20.504969402961343,0,-0.061455211623433925,0.42005978756350937,0,0,0,0,0.57673961958069586,0,0,0.013267015229013374,0
10/04/2024 12:00:00 am,20.876535717887933,0,-0.058284807716910692,0.42985112264350012,0,0,0,0,0.57722260581630802,0,0,0.01473352226471489,0
11/04/2024 12:00:00 am,21.251408065842138,0,-0.053670174455632491,0.42854252240983948,0,0,0,0,0.58542266118598196,0,0,0.016337334995403102,0
12/04/2024 12:00:00 am,21.647304854889647,0,-0.051350168739441315,0.44724695778694651,0,0,0,0,0.58617797448494091,0,0,0.018186026626072865,0
13/04/2024 12:00:00 am,22.03185409670359,0,-0.046181059074539732,0.43073030088848607,0,0,0,0,0.5857415097164882,0,0,0.02016702619141893,0
14/04/2024 12:00:00 am,22.447047603900764,0,-0.04541795368242596,0.46061146087959759,0,0,0,0,0.56998828764476306,0,0,0.022552068225774845,0
15/04/2024 12:00:00 am,22.850643487880419,0,-0.040480915941500939,0.44407679992115556,0,0,0,0,0.56845019132451913,0,0,0.025126453466137594,0
16/04/2024 12:00:00 am,23.270868350772034,0,-0.037491581894618875,0.45771644478623191,0,0,0,0,0.57544223347274837,0,0,0.02804370758503635,0
17/04/2024 12:00:00 am,23.668214708969799,0,-0.032421262671658013,0.42976762086942172,0,0,0,0,0.57707678377986282,0,0,0.031092129885460625,0
18/04/2024 12:00:00 am,24.070329901361838,0,-0.0295744006795573,0.43168959307159538,0,0,0,0,0.5727664457414221,0,0,0.03449374005294898,0
19/04/2024 12:00:00 am,24.49221493028228,0,-0.027262914860836318,0.44914794378127598,0,0,0,0,0.57629020130922182,0,0,0.038381162709807098,0
20/04/2024 12:00:00 am,24.886693455551715,0,-0.022867836558015497,0.41734636182745027,0,0,0,0,0.58386756840925713,0,0,0.042351462366893119,0
21/04/2024 12:00:00 am,25.27379332005313,0,-0.020064778700312758,0.40716464320172679,0,0,0,0,0.57881994649152957,0,0,0.04663501997404227,0
22/04/2024 12:00:00 am,25.681686462095087,0,-0.018362722135600862,0.42625586417755401,0,0,0,0,0.57161473043339983,0,0,0.051592597426993243,0
23/04/2024 12:00:00 am,26.074889643704545,0,-0.015286646598676512,0.4084898282081359,0,0,0,0,0.58125837069853892,0,0,0.056755437938272674,0
24/04/2024 12:00:00 am,26.496162608605673,0,-0.013551963318780835,0.4348249282199057,0,0,0,0,0.58934355029353724,0,0,0.062696548341709304,0
25/04/2024 12:00:00 am,26.919297655818401,0,-0.011382451140395489,0.43451749835312214,0,0,0,0,0.57836314663274357,0,0,0.06930256748138533,0
26/04/2024 12:00:00 am,27.356040450515252,0,-0.0092302057637905222,0.44597300046064453,0,0,0,0,0.58887348974114373,0,0,0.076632063113896184,0
27/04/2024 12:00:00 am,27.815706596369573,0,-0.0071876682508325018,0.4668538141051522,0,0,0,0,0.60254956251553093,0,0,0.08487957352955261,0
28/04/2024 12:00:00 am,28.261167432925919,0,-0.0046766082908753503,0.45013744484722146,0,0,0,0,0.66619093715165145,0,0,0.092915201663546582,0
29/04/2024 12:00:00 am,28.708762294885275,0,-0.0029053079159861994,0.4505001698753448,0,0,0,0,0.68698715768686258,0,0,0.10139299629571015,0
30/04/2024 12:00:00 am,29.1417776637287,0,-0.001294667453318965,0.43431003629674253,0,0,0,0,0.6849991508305967,0,0,0.11023497788010135,0
1/05/2024 12:00:00 am,29.579713647610255,0,0.00017408108812766443,0.43776190279343041,0,0,0,0,0.68216123785704919,0,0,0.11986126917045924,0
2/05/2024 12:00:00 am,30.013985234519264,0,0.0015920637501096735,0.4326795231588984,0,0,0,0,0.67703933894779589,0,0,0.13015326762764376,0
3/05/2024 12:00:00 am,30.476755653051008,0,0.0030893608018178753,0.45968105772992479,0,0,0,0,0.68339158817833812,0,0,0.14178849649077774,0
4/05/2024 12:00:00 am,30.938569129129654,0,0.0044771294676788642,0.45733634661096834,0,0,0,0,0.68242185338845929,0,0,0.15423155308764597,0
5/05/2024 12:00:00 am,31.456194030394265,0,0.0061870777261194831,0.5114378235384911,0,0,0,0,0.70908260261522127,0,0,0.16859156922874596,0
6/05/2024 12:00:00 am,31.952748116430886,0,0.0073636072246294759,0.48919047881199218,0,0,0,0,0.7066403589921576,0,0,0.18339293791250186,0
7/05/2024 12:00:00 am,32.417664265875409,0,0.0079913264337694301,0.45692482301075815,0,0,0,0,0.73214974314099346,0,0,0.19763712134249453,0
8/05/2024 12:00:00 am,32.886153957755027,0,0.0091508073983312954,0.45933888448128407,0,0,0,0,0.72503981973815512,0,0,0.21292982951014014,0
9/05/2024 12:00:00 am,33.357480899536455,0,0.01009028048829741,0.46123666129312813,0,0,0,0,0.73777847406358121,0,0,0.22885765343105213,0
10/05/2024 12:00:00 am,33.841840454984279,0,0.011338762928099655,0.47302079251972767,0,0,0,0,0.73180930407032896,0,0,0.24618305192500575,0
11/05/2024 12:00:00 am,34.348677214323558,0,0.012636868675890867,0.49419989066338987,0,0,0,0,0.73875819278816135,0,0,0.26501266338598911,0
12/05/2024 12:00:00 am,34.824929317104242,0,0.01299453621268043,0.4632575665680051,0,0,0,0,0.73738271004058142,0,0,0.28352656029911311,0
13/05/2024 12:00:00 am,35.299881764555664,0,0.013729705931215364,0.46122274152020504,0,0,0,0,0.74296073252515649,0,0,0.30256882404018953,0
14/05/2024 12:00:00 am,35.758569983878424,0,0.014113532571064624,0.44457468675169098,0,0,0,0,0.74584543065165654,0,0,0.32149430544738988,0
15/05/2024 12:00:00 am,36.248748100543118,0,0.015439050396294007,0.47473906626840123,0,0,0,0,0.75373312837944018,0,0,0.34217924948654183,0
16/05/2024 12:00:00 am,36.710219947870243,0,0.015185602206255311,0.44628624512086651,0,0,0,0,0.77471003298127938,0,0,0.36157554595316993,0
17/05/2024 12:00:00 am,37.16402245220992,0,0.015559956075936299,0.43824254826374071,0,0,0,0,0.77861496608889513,0,0,0.38093647869390079,0
18/05/2024 12:00:00 am,37.635562745188963,0,0.016499369060694491,0.45504092391834772,0,0,0,0,0.78339055882866704,0,0,0.4013660346007405,0
19/05/2024 12:00:00 am,38.117630027853394,0,0.017176175563943019,0.46489110710049403,0,0,0,0,0.79362872857129596,0,0,0.42232299897393583,0
20/05/2024 12:00:00 am,38.597955823253315,0,0.017401729038670766,0.46292406636124339,0,0,0,0,0.81126853973735091,0,0,0.44295264610092105,0
21/05/2024 12:00:00 am,39.044768514661627,0,0.016912518705716195,0.4299001727025929,0,0,0,0,0.81920771000002113,0,0,0.4619122160702745,0
22/05/2024 12:00:00 am,39.52624581972141,0,0.018173030472295792,0.46330427458748885,0,0,0,0,0.82442582824022304,0,0,0.48249305785596175,0
23/05/2024 12:00:00 am,40.016714949410762,0,0.018344873155569985,0.47212425653378415,0,0,0,0,0.85648056111895476,0,0,0.50262932543627792,0
24/05/2024 12:00:00 am,40.492973147890218,0,0.018222924500044257,0.45803527397940896,0,0,0,0,0.86674917899973491,0,0,0.52179649262443173,0
25/05/2024 12:00:00 am,41.006692424679237,0,0.01885156850410219,0.49486770828491444,0,0,0,0,0.91199407669946075,0,0,0.54133215713878846,0
26/05/2024 12:00:00 am,41.511928344616649,0,0.019088323196365664,0.48614759674104985,0,0,0,0,0.90614579745651935,0,0,0.56051578791004686,0
27/05/2024 12:00:00 am,42.010813527268013,0,0.019072581154659929,0.47981260149670524,0,0,0,0,0.91808243290389879,0,0,0.57891708533060848,0
28/05/2024 12:00:00 am,42.53244135245545,0,0.019650129502043256,0.50197769568539607,0,0,0,0,0.93817646018966705,0,0,0.59752064476512601,0
29/05/2024 12:00:00 am,43.032999181910284,0,0.019329468031042296,0.481228361423786,0,0,0,0,0.94309022623840444,0,0,0.6148496419451307,0
30/05/2024 12:00:00 am,43.530076842650871,0,0.019674454797204532,0.47740320594338148,0,0,0,0,0.9325036964036364,0,0,0.63199877881111033,0
31/05/2024 12:00:00 am,44.044438740164082,0,0.020078035014503115,0.49428386249870482,0,0,0,0,0.95181119417293514,0,0,0.64902929793500042,0
1/06/2024 12:00:00 am,44.547038038916725,0,0.019882869058246655,0.48271642969439588,0,0,0,0,0.9600465556381601,0,0,0.66503546788748658,0
2/06/2024 12:00:00 am,45.034451113204447,0,0.01969626957313686,0.46771680471458249,0,0,0,0,0.96984333450815419,0,0,0.68007279903317941,0
3/06/2024 12:00:00 am,45.512796105148325,0,0.019656642349950459,0.45868834959392701,0,0,0,0,0.98174808636753241,0,0,0.69439489630422302,0
4/06/2024 12:00:00 am,45.987756799665888,0,0.019752367637689616,0.45520832687986684,0,0,0,0,0.98256379911359104,0,0,0.70821822105451127,0
5/06/2024 12:00:00 am,46.445774269643067,0,0.019465988785501764,0.43855148119168075,0,0,0,0,0.98597608424412342,0,0,0.72104045597049149,0
6/06/2024 12:00:00 am,46.914987990083105,0,0.019930820269811633,0.44928290017022443,0,0,0,0,0.99937539818801235,0,0,0.73390525627126402,0
7/06/2024 12:00:00 am,47.215328056629701,0,0.020857272701109153,0.47634957179231752,0,0,0,0.19686677794682722,1,0.75710291091323256,0,0.74732129802436398,0
8/06/2024 12:00:00 am,47.660814662737174,0,0.021325561117423675,0.4871562087181896,0,0,0,0.062995163728138237,1,0.23999999999999488,0,0.76063252211973953,0
9/06/2024 12:00:00 am,47.960785283207642,0,0.021478581926469786,0.4871562087181896,0,0,0,0.20866417017418537,1,0.78999999999999204,0,0.77345508117409578,0
10/06/2024 12:00:00 am,48.45258041228044,0,0.021293028064391706,0.47583890696685449,0,0,0,0.0053368059584530158,1,0.019999999999996021,0,0.78544455051182493,0
11/06/2024 12:00:00 am,48.263506969826878,0,0.021556257349658381,0.48044776231545555,0,0,0,0.69107746211867904,1,2.5999999999999943,0,0.79709952219166835,0
12/06/2024 12:00:00 am,48.488013604370749,0,0.02046223845688111,0.43903558085947564,0,0,0,0.2349911847724854,1,0.87999999999999545,0,0.80709413828598675,0
13/06/2024 12:00:00 am,48.885027751593043,0,0.021083074611123465,0.45669764020075887,0,0,0,0.080766567589591567,1,0.30000000000001137,0,0.81720311024481707,0
14/06/2024 12:00:00 am,48.764302799118695,0,0.021342623363278079,0.4621857414557991,0,0,0,0.60425331729342724,1,2.25,0,0.82704023645249169,0
15/06/2024 12:00:00 am,48.807807482412805,0,0.02044450711164103,0.42894307376809776,0,0,0,0.40588289758562757,1,1.5099999999999909,0,0.83559943795252445,0
16/06/2024 12:00:00 am,48.706187295306805,0,0.019628264244664351,0.39913127725948316,0,0,0,0.52037972861015069,1,1.9400000000000119,0,0.8430403388021942,0
17/06/2024 12:00:00 am,48.840300817670482,0,0.020330717368661766,0.42041495447638261,0,0,0,0.30663214948137479,1,1.1400000000000006,0,0.8507410518275702,0
18/06/2024 12:00:00 am,48.982242359920363,0,0.020251166823005207,0.41572580710048401,0,0,0,0.29403543167360596,1,1.0899999999999892,0,0.85801590070816447,0
19/06/2024 12:00:00 am,49.147792510409936,0,0.020390713292016471,0.41853512945111082,0,0,0,0.27337569225355313,1,1.0099999999999909,0,0.86505665934443898,0
20/06/2024 12:00:00 am,49.32907759988565,0,0.020611157021049209,0.42419129482158624,0,0,0,0.26351736236692508,1,0.96999999999999886,0,0.87192333342784178,0
21/06/2024 12:00:00 am,49.462284230328365,0,0.020062556698524858,0.40461312835363122,0,0,0,0.29146905460944039,1,1.0699999999999932,0,0.87807810968926947,0
22/06/2024 12:00:00 am,49.821720304699205,0,0.020197423795167424,0.40783377273431326,0,0,0,0.068595122158643829,1,0.25,0,0.88404226617616355,0
23/06/2024 12:00:00 am,50.062936441486173,0,0.020655179605659768,0.42182847267215706,0,0,0,0.20126751549084554,1,0.73000000000000398,0,0.89002076594017487,0
24/06/2024 12:00:00 am,50.399357324841986,0,0.020583574772427227,0.41853512945111082,0,0,0,0.10269782086771879,1,0.36999999999999034,0,0.89566743934069037,0
25/06/2024 12:00:00 am,50.808727611921341,0,0.020967301343571165,0.43037541289345332,0,0,0,0.041972427157675747,1,0.15000000000000568,0,0.9012605451739979,0
26/06/2024 12:00:00 am,51.030279751271117,0,0.020257227710597903,0.40645142762472325,0,0,0,0.20515651598554616,1,0.73000000000000398,0,0.90618841889402635,0
27/06/2024 12:00:00 am,51.247227312904315,0,0.019908491451820609,0.39460084503982135,0,0,0,0.19756177485843951,1,0.69999999999998863,0,0.91070103718593132,0
28/06/2024 12:00:00 am,51.078984381066903,0,0.020237485960864277,0.40507218621244545,0,0,0,0.5935526040107203,1,2.1100000000000136,0,0.91518074221206558,0
29/06/2024 12:00:00 am,51.249640803610504,0,0.020725265733434028,0.42088577949360867,0,0,0,0.27095462268343867,1,0.96000000000000796,0,0.91968610297026676,0
30/06/2024 12:00:00 am,51.581908605015371,0,0.019758338773506523,0.3892095180353376,0,0,0,0.076700055403978257,1,0.26999999999999602,0,0.92352652890986919,0
1/07/2024 12:00:00 am,51.816050094829556,0,0.019308918793445429,0.37463627334218869,0,0,0,0.15980370232144603,1,0.56000000000000227,0,0.92699339687584881,0
2/07/2024 12:00:00 am,52.074166137238493,0,0.020039099127654225,0.39867669044075676,0,0,0,0.160599747159484,1,0.56000000000000227,0,0.93063517238272198,0
3/07/2024 12:00:00 am,52.432976944263316,0,0.02039335358654526,0.41060778401370995,0,0,0,0.072190330575435002,1,0.25,0,0.93425473908238643,0
4/07/2024 12:00:00 am,52.876986396711871,0,0.020764330799085684,0.42324512164946571,0,0,0,0,0.99840579710144928,0,0,0.93784250718223505,0
5/07/2024 12:00:00 am,52.732874142253927,0,0.020446574757192693,0.41339423992435714,0,0,0,0.5779530691394944,1,1.9901079095290157,0,0.94114025689828218,0
6/07/2024 12:00:00 am,53.131265466886887,0,0.01937795779388729,0.37901336683907555,0,0,0,0,0.99898550724637691,0,0,0.94390571660896327,0
7/07/2024 12:00:00 am,53.326027053145964,0,0.018892521413176766,0.36384124057355854,0,0,0,0.18797217572765601,1,0.64005874221912507,0,0.94638606985761964,0
8/07/2024 12:00:00 am,53.672119299722262,0,0.019185514976237883,0.37420042512792978,0,0,0,0.047293693527870204,1,0.15999999999999659,0,0.94886954068802132,0
9/07/2024 12:00:00 am,54.074983160727257,0,0.019439493668668817,0.38342436733632596,0,0,0,0,0.99927536231884062,0,0,0.95133310091019385,0
10/07/2024 12:00:00 am,54.315176026069544,0,0.019288719732234227,0.37945293947061748,0,0,0,0.15854879386056764,1,0.53003829135924718,0,0.95364730195403935,0
11/07/2024 12:00:00 am,54.715819811124014,0,0.019579134826747335,0.3901046552399865,0,0,0,0.0090400050122687228,1,0.029999999999986926,0,0.95594929883800595,0
12/07/2024 12:00:00 am,55.053372286967161,0,0.019651726396793023,0.39369887071102211,0,0,0,0.075798121264669241,1,0.25000000000001421,0,0.95817139113084393,0
13/07/2024 12:00:00 am,55.478872988994382,0,0.01996911337841567,0.40553158864880284,0,0,0,0,0.99782608695652186,0,0,0.9603768405852332,0
14/07/2024 12:00:00 am,55.890288598547116,0,0.01951658142874102,0.39189902812399463,0,0,0,0,0.99637805640649368,0,0,0.9623711027605103,0
15/07/2024 12:00:00 am,56.150558410058245,0,0.020117150762613889,0.41339423992435714,0,0,0,0.17324157917584568,1,0.56022637134732634,0,0.96441686963446349,0
16/07/2024 12:00:00 am,56.168620344704834,0,0.020221631197554046,0.41853512945111082,0,0,0,0.42069482600207458,1,1.3599999999999852,0,0.9663880706038307,0
17/07/2024 12:00:00 am,55.805554466828724,0,0.020002645065277491,0.412928965555029,0,0,0,0.79599748849641883,1,2.5900000000000034,0,0.96821983811835066,0
18/07/2024 12:00:00 am,55.965012105397456,0,0.020241142593452111,0.42277255730929358,0,0,0,0.28355606133401429,1,0.92000000000000171,0,0.97001093001857441,0
19/07/2024 12:00:00 am,56.234060862694577,0,0.02043665293320629,0.43133205284820736,0,0,0,0.18271994848428832,1,0.5899999999999892,0,0.97174935947542906,0
20/07/2024 12:00:00 am,56.351940224536484,0,0.019791601720800855,0.41153521893526646,0,0,0,0.31344745881415814,1,1.0099999999999909,0,0.97328987523154209,0
21/07/2024 12:00:00 am,56.387299642758656,0,0.020131709161180567,0.42513886124661421,0,0,0,0.40991115218562174,1,1.3200000000000074,0,0.97481391731432365,0
22/07/2024 12:00:00 am,56.845315531017988,0,0.020431553598971419,0.43758433466036573,0,0,0,0,0.99231884057971009,0,0,0.97630831063920964,0
23/07/2024 12:00:00 am,57.297320618427577,0,0.020194190157230452,0.43181089725235239,0,0,0,0,0.982322118592307,0,0,0.97769208408498842,0
24/07/2024 12:00:00 am,57.75370690672262,0,0.020250042730461715,0.43613624556458325,0,0,0,0,0.99957629162916217,0,0,0.97901373022431715,0
25/07/2024 12:00:00 am,58.207544336470733,0,0.020107656641004112,0.43372977310710953,0,0,0,0,0.9979822839916842,0,0,0.98024978436498122,0
26/07/2024 12:00:00 am,58.443094446314092,0,0.020510399679073643,0.45026693868146866,0,0,0,0.23522722851717881,1,0.73083591742008025,0,0.98147118160064273,0
27/07/2024 12:00:00 am,58.910255546464185,0,0.020332122653581308,0.44682897749651601,0,0,0,0,0.99000000000000021,0,0,0.98260742169567816,0
28/07/2024 12:00:00 am,59.398820824469347,0,0.020848473290575598,0.46771680471458249,0,0,0,0,0.97927899206491209,0,0,0.98373685201799044,0
29/07/2024 12:00:00 am,59.856308493965514,0,0.019903334835804642,0.43758433466036573,0,0,0,0,0.97899652950165261,0,0,0.9847101152590525,0
30/07/2024 12:00:00 am,60.33132823656652,0,0.020307145616261124,0.4547125969847387,0,0,0,0,0.96683003119334143,0,0,0.98567136723297244,0
31/07/2024 12:00:00 am,60.817558294245416,0,0.020529526501999129,0.46570053117689564,0,0,0,0,0.96973876003953929,0,0,0.98659969836835415,0
1/08/2024 12:00:00 am,61.289856999246972,0,0.020059452210965389,0.45223925279059074,0,0,0,0,0.9691673689468111,0,0,0.98743798598906418,0
2/08/2024 12:00:00 am,61.743532207309826,0,0.01946484099191359,0.43421036707094252,0,0,0,0,0.96178282243953561,0,0,0.98818492519986723,0
3/08/2024 12:00:00 am,62.218703347145663,0,0.019962812955963471,0.45520832687986684,0,0,0,0,0.96367509556301578,0,0,0.98893118037804295,0
4/08/2024 12:00:00 am,62.702497419996917,0,0.020104124961152436,0.46368994789010248,0,0,0,0,0.9667270219962294,0,0,0.98964677441058535,0
5/08/2024 12:00:00 am,63.186947182883536,0,0.020131789893460095,0.46431797299315974,0,0,0,0,0.95383546983254619,0,0,0.99032446678279562,0
6/08/2024 12:00:00 am,63.681978722465523,0,0.020212890498910951,0.47481864908307775,0,0,0,0,0.98080117584374094,0,0,0.990968875629469,0
7/08/2024 12:00:00 am,64.094386019886926,0,0.019751766294614725,0.46168504953952655,0,0,0,0.069029518412752941,1,0.19556014292496116,0,0.9915507874587165,0
8/08/2024 12:00:00 am,64.508648990529778,0,0.018722945267823476,0.42751387748338121,0,0,0,0.031973852108350749,1,0.090000000000003411,0,0.99204502536920169,0
9/08/2024 12:00:00 am,64.969490738817399,0,0.019206397885330517,0.44879141025178265,0,0,0,0.0071560598494965931,1,0.020000000000010232,0,0.99254049233577746,0
10/08/2024 12:00:00 am,65.409508688230545,0,0.019697732757533615,0.47075189581811949,0,0,0,0.050431679162519998,1,0.14000000000000057,0,0.99303327577118528,0
11/08/2024 12:00:00 am,65.911919798643396,0,0.019905663145703301,0.48250544726715017,0,0,0,0,0.99362318840579711,0,0,0.99350733256578094,0
12/08/2024 12:00:00 am,66.398520923700559,0,0.019388922477917347,0.46721220257924551,0,0,0,0,0.9979719789291398,0,0,0.99393276739626446,0
13/08/2024 12:00:00 am,66.735460682836191,0,0.019122774640894846,0.46118471259844651,0,0,0,0.14336772810370924,1,0.39008588371622466,0,0.99432428011659946,0
14/08/2024 12:00:00 am,67.049714718401418,0,0.018549469349691705,0.44340828559519607,0,0,0,0.14770371937966376,1,0.39999999999999147,0,0.99467320784146573,0
15/08/2024 12:00:00 am,67.408088722269397,0,0.018743622122130432,0.4547125969847387,0,0,0,0.11508221523888977,1,0.31000000000000227,0,0.99501126850770638,0
16/08/2024 12:00:00 am,67.667723616622695,0,0.019360283800720524,0.48250544726715017,0,0,0,0.24223083671457368,1,0.64999999999999147,0,0.99535136113990319,0
17/08/2024 12:00:00 am,67.869893303754594,0,0.019325702268099931,0.48560272629705803,0,0,0,0.30275874143327131,1,0.81000000000000227,0,0.99567074124761901,0
18/08/2024 12:00:00 am,68.281025188840374,0,0.018841383600998185,0.47125899148577893,0,0,0,0.078968490001009681,1,0.21000000000000796,0,0.99595794817277483,0
19/08/2024 12:00:00 am,68.773618849374998,0,0.018793840855233057,0.47379981967938445,0,0,0,0,0.99144927536231897,0,0,0.99622789647482701,0
20/08/2024 12:00:00 am,69.075083122447168,0,0.018284208066814855,0.458190140746706,0,0,0,0.17501007574135044,1,0.46005221992494683,0,0.99646989828445542,0
21/08/2024 12:00:00 am,68.858971155353714,0,0.018491511184119958,0.47075189581811949,0,0,0,0.70535537409570992,1,1.8599999999999994,0,0.99670396277835183,0
22/08/2024 12:00:00 am,69.270958440545897,0,0.018543603251172769,0.4773719736168005,0,0,0,0.083928291675791411,1,0.21999999999999886,0,0.99692620926727771,0
23/08/2024 12:00:00 am,69.791264096924337,0,0.019022433264263228,0.50128322311417661,0,0,0,0,0.97695652173913039,0,0,0.99714554009609879,0
24/08/2024 12:00:00 am,70.322342470659365,0,0.019161030717700811,0.51191734301732528,0,0,0,0,0.96826258381208985,0,0,0.99735410446748207,0
25/08/2024 12:00:00 am,70.850008449549534,0,0.018954077776312417,0.508711901113855,0,0,0,0,0.97927900662949474,0,0,0.9975461213930038,0
26/08/2024 12:00:00 am,71.378093254391246,0,0.018839569482222984,0.50924523535949107,0,0,0,0,0.99362815160002382,0,0,0.99772444326046061,0
27/08/2024 12:00:00 am,71.923168501400554,0,0.019116560334390797,0.52595868667490975,0,0,0,0,0.99159955666155419,0,0,0.9978958091866017,0
28/08/2024 12:00:00 am,72.448811814049066,0,0.018529241073302671,0.50711407157520549,0,0,0,0,0.99493334151208523,0,0,0.99804805498530325,0
29/08/2024 12:00:00 am,73.007117316259055,0,0.019166814186812431,0.53913868802316911,0,0,0,0,0.98464375357082623,0,0,0.99819905391304231,0
30/08/2024 12:00:00 am,73.515792013842315,0,0.017881125989823943,0.49079357159344406,0,0,0,0,0.96420976887490006,0,0,0.99832464957602274,0
31/08/2024 12:00:00 am,74.056548535129721,0,0.018612362250379988,0.52214415903703293,0,0,0,0,0.95305230079097003,0,0,0.99845116932724831,0
1/09/2024 12:00:00 am,74.61222603482436,0,0.019060612945635214,0.53661688674900521,0,0,0,0,0.93798204914577865,0,0,0.99857403394680333,0
2/09/2024 12:00:00 am,75.142172495292769,0,0.018554635453373436,0.51139182501503611,0,0,0,0,0.92247733442964341,0,0,0.99868379541073204,0
3/09/2024 12:00:00 am,75.660110388103021,0,0.018378230353048863,0.49955966245720729,0,0,0,0,0.90639338160069183,0,0,0.99878478471240673,0
4/09/2024 12:00:00 am,76.155953098523042,0,0.017940703512925538,0.47790200690710549,0,0,0,0,0.89103412886891487,0,0,0.9988755658191204,0
5/09/2024 12:00:00 am,76.664530406945232,0,0.018344210537641459,0.49023309788454139,0,0,0,0,0.8762555134838933,0,0,0.99896366094877587,0
6/09/2024 12:00:00 am,77.158584059232709,0,0.018278511600515301,0.47577514068695936,0,0,0,0,0.84814378298522275,0,0,0.99904538543373911,0
7/09/2024 12:00:00 am,77.622199998977479,0,0.01767872564190931,0.44593721410284837,0,0,0,0,0.82742401924563702,0,0,0.99911768611994378,0
8/09/2024 12:00:00 am,78.049394764907035,0,0.016854902170475583,0.41033986375908038,0,0,0,0,0.81003741048170164,0,0,0.99918017178232021,0
9/09/2024 12:00:00 am,78.508919013221927,0,0.017914067872444761,0.44161018044245215,0,0,0,0,0.7875791082100202,0,0,0.99924511201303767,0
10/09/2024 12:00:00 am,78.994627000155759,0,0.018651321192240999,0.46705666574158933,0,0,0,0,0.77657056880546793,0,0,0.99930935451104397,0
11/09/2024 12:00:00 am,79.465284488068804,0,0.018379983165520031,0.45227750474752865,0,0,0,0,0.75889485637364329,0,0,0.99936761213176961,0
12/09/2024 12:00:00 am,79.9181506199198,0,0.017926014848429261,0.43494011700257551,0,0,0,0,0.7474502651957845,0,0,0.99941968389369984,0
13/09/2024 12:00:00 am,80.378096061277731,0,0.018375675694388249,0.44156976566355061,0,0,0,0,0.72267293488111584,0,0,0.99946980698302457,0
14/09/2024 12:00:00 am,80.854585758335546,0,0.019237306251239872,0.45725239080656965,0,0,0,0,0.6909393710935976,0,0,0.99951909637579073,0
15/09/2024 12:00:00 am,81.299678266456908,0,0.018838183555326182,0.42625432456602558,0,0,0,0,0.65051026326669681,0,0,0.99956312562111183,0
16/09/2024 12:00:00 am,81.699808099750101,0,0.01787193053156777,0.38225790276162497,0,0,0,0,0.61500851628096409,0,0,0.99960082772892045,0
17/09/2024 12:00:00 am,82.080430444140958,0,0.017411644819356198,0.36321069957149765,0,0,0,0,0.59530383766581019,0,0,0.99963444088218245,0
18/09/2024 12:00:00 am,82.464328662408704,0,0.017596984660482207,0.3663012336072588,0,0,0,0,0.5808166461283959,0,0,0.99966608237211696,0
19/09/2024 12:00:00 am,82.82536767319128,0,0.016988764865327965,0.34405024591724381,0,0,0,0,0.56212612606747903,0,0,0.99969392194675977,0
20/09/2024 12:00:00 am,83.192648461605813,0,0.017395671971756954,0.34988511644277204,0,0,0,0,0.53966756990783182,0,0,0.99972064690193319,0
21/09/2024 12:00:00 am,83.538445218749644,0,0.016838389300634304,0.32895836784319482,0,0,0,0,0.51851304663194953,0,0,0.9997442433318825,0
22/09/2024 12:00:00 am,83.86500166497737,0,0.01612158815011,0.3104348580776195,0,0,0,0,0.48967713218203823,0,0,0.99976541751574732,0
23/09/2024 12:00:00 am,84.203428461249516,0,0.016235182643013601,0.3221916136291329,0,0,0,0,0.48084092485490298,0,0,0.99978580310204346,0
24/09/2024 12:00:00 am,84.525290710974957,0,0.015502646457333569,0.30635960326810446,0,0,0,0,0.47881575274062488,0,0,0.99980355521863451,0
25/09/2024 12:00:00 am,84.86286925007208,0,0.015489353227449598,0.32208918586967283,0,0,0,0,0.45650107295166475,0,0,0.99982115246088055,0
26/09/2024 12:00:00 am,85.189980067143296,0,0.014269779428676799,0.31284103764254639,0,0,0,0,0.4179542397695164,0,0,0.99983748670783623,0
27/09/2024 12:00:00 am,85.507736871412163,0,0.013795604179703602,0.30396120008916283,0,0,0,0,0.41441706746562612,0,0,0.99985199061433772,0
28/09/2024 12:00:00 am,85.817614854122866,0,0.013262588484687754,0.29661539422600885,0,0,0,0,0.40514683392136597,0,0,0.99986503954979788,0
29/09/2024 12:00:00 am,86.37229411250766,0,0.017603932950386536,0.5370753254344075,0,0,0,0,0.76955724926436797,0,27.600000000000001,0.9998782619595562,0
30/09/2024 12:00:00 am,86.897880015034929,0,0.017471311687165425,0.50811459084010946,0,0,0,0,0.72463098149129612,0,0,0.99989022933094296,0
1/10/2024 12:00:00 am,87.413104098570642,0,0.017652042230144716,0.49757204130557309,0,0,0,0,0.6876758069883,0,0,0.99990129216405632,0
2/10/2024 12:00:00 am,87.890657490918045,0,0.016596096058968612,0.46095729628844234,0,0,0,0,0.68260466998059244,0,0,0.99991063609794573,0
3/10/2024 12:00:00 am,88.356656064331091,0,0.016125174475643433,0.44987339893739264,0,0,0,0,0.68376518711676382,0,0,0.99991889511574661,0
4/10/2024 12:00:00 am,88.803129546438328,0,0.015876652613659559,0.4305968294935858,0,0,0,0,0.6566648789508569,0,0,0.99992633689572874,0
5/10/2024 12:00:00 am,89.253084239933315,0,0.016360193173440507,0.43359450032154445,0,0,0,0,0.62028918661349675,0,0,0.99993345063478134,0
